smiles,IC50 (nM),pIC50,y
CCOP(=O)(OCC)Oc1nc(Cl)c(Cl)cc1Cl,63.0,7.200659450546418,7.200659450546418
Cc1ccccc1C(=O)NCCC1CCN(Cc2ccccc2)CC1,1000.0,6.0,6.0
O=C1c2ccccc2C(=O)N1CCC1CCN(Cc2ccccc2)CC1,30.0,7.522878745280337,7.522878745280337
O=C(c1ccccc1)N(CCC1CCN(Cc2ccccc2)CC1)c1ccccc1,34.99,7.456056057517093,7.456056057517093
Cn1c(NCCNc2c3c(nc4ccc(F)cc24)CCCC3)nc(-c2ccncc2)cc1=O,370.0,6.431798275933005,6.431798275933005
Cn1c(NCCCCCCNc2c3c(nc4cc(F)ccc24)CCCC3)nc(-c2ccncc2)cc1=O,163300.0,3.787013815263332,3.787013815263332
Cn1c(NCCCCCCNc2c3c(nc4cc(F)ccc24)CCCC3)nc(-c2ccncc2F)cc1=O,134300.0,3.871923987331285,3.871923987331285
Cc1ccc(C(=O)NCCC2CCN(Cc3ccccc3)CC2)cc1,180.0,6.7447274948966935,6.7447274948966935
O=C1CCCCN1CCC1CCN(Cc2ccccc2)CC1,270.0,6.568636235841013,6.568636235841013
O=C1Nc2ccccc2CN1CCC1CCN(Cc2ccccc2)CC1,13.0,7.886056647693163,7.886056647693163
O=C(NCCc1ccccc1)Oc1cc(=O)oc2ccccc12,83410.0,4.078781878805049,4.078781878805049
CNC(=O)Oc1ccc2c(c1)[C@]1(C)CCN(C)[C@@H]1N2C,0.68,9.167491087293763,9.167491087293763
O=C(NCCC1CCN(Cc2ccccc2)CC1)c1ccccc1,560.0,6.251811972993799,6.251811972993799
CC[C@@]1(c2cccc(O)c2)CCCCN(CCCCCCCN2CCCC[C@@](CC)(c3cccc(O)c3)C2)C1,270.0,6.568636235841013,6.568636235841013
CC[C@@]1(c2cccc(O)c2)CCCCN(CCCN2CCCC[C@@](CC)(c3cccc(O)c3)C2)C1,42000.0,4.376750709602099,4.376750709602099
COc1ccc(/C=C2\Oc3cc(OCCN4CCCCC4)ccc3C2=O)cc1OC,400.0,6.3979400086720375,6.3979400086720375
O=C1/C(=C/c2ccc(O)cc2)Oc2cc(OCCN3CCCCC3)ccc21,13530.0,4.868702203402377,4.868702203402377
COc1cc(/C=C2\Oc3cc(OCCCN4CCCC4)ccc3C2=O)cc(OC)c1,4630.0,5.334419008982047,5.334419008982047
CC1(C)O[C@H]2O[C@H](CNCCCCCCCCCCNc3c4c(nc5ccccc35)CCCC4)[C@H](O)[C@H]2O1,10.0,8.0,8.0
CO[C@@H]1O[C@H](CNCCCCCCCCCCNc2c3c(nc4ccccc24)CCCC3)[C@H]2OC(C)(C)O[C@@H]12,65.0,7.187086643357144,7.187086643357144
Nc1c2c(nc3ccccc13)CCCC2,34.0,7.468521082957745,7.468521082957745
O=C(c1ccncc1)N(CCC1CCN(Cc2ccccc2)CC1)c1ccccc1,63.97,7.194023649282437,7.194023649282437
O=C1c2ccccc2NCN1CCC1CCN(Cc2ccccc2)CC1,800.0,6.096910013008056,6.096910013008056
COc1ccc(OC)c2c1CC(CC1CCN(Cc3ccccc3)CC1)C2=O,36.0,7.443697499232712,7.443697499232712
COc1cc2c(cc1OC)C(=O)C(CC1CCN(Cc3ccc(C)cc3)CC1)C2,40.0,7.397940008672037,7.397940008672037
COc1ccc(/C=C2\Oc3cc(OCCCN4CCCCC4)ccc3C2=O)cc1OC,890.0,6.050609993355087,6.050609993355087
COc1ccc(/C=C2\Oc3cc(OCCCCN4CCCCC4)ccc3C2=O)cc1OC,1520.0,5.818156412055227,5.818156412055227
COc1ccc(/C=C2\Oc3cc(OCCN4CCCCC4)ccc3C2=O)cc1,900.0,6.045757490560675,6.045757490560675
O=C1/C(=C/c2ccc(O)cc2)Oc2cc(OCCN3CCOCC3)ccc21,185650.0,3.7313050464378223,3.7313050464378223
O=C(NCCC1CCN(Cc2ccccc2)CC1)c1ccccc1[N+](=O)[O-],879.02,6.056001243480467,6.056001243480467
O=C1c2ccccc2CC1CC1CCN(Cc2ccccc2)CC1,149.97,6.823995608527747,6.823995608527747
COc1ccc2c(c1)CC(CC1CCN(Cc3ccccc3)CC1)C2=O,6.4,8.193820026016112,8.193820026016112
COCCN(CC1CCCN(C2Cc3ccccc3C2)C1)C(=O)c1ccc2ccccc2c1,102100.0,3.9909742579130896,3.9909742579130896
O=C(c1ccc([N+](=O)[O-])cc1)N(CCC1CCN(Cc2ccccc2)CC1)c1ccccc1,5.395,8.26800855098107,8.26800855098107
O=C(NCCC1CCN(Cc2ccccc2)CC1)c1ccc(Cl)cc1,180.0,6.7447274948966935,6.7447274948966935
O=Cc1ccc(C(=O)NCCC2CCN(Cc3ccccc3)CC2)cc1,120.0,6.920818753952375,6.920818753952375
CN(CCC1CCN(Cc2ccccc2)CC1)C(=O)c1ccc(S(=O)(=O)Cc2ccccc2)cc1,0.56,9.2518119729938,9.2518119729938
COc1cccc(/C=C2\Oc3cc(OCCN4CCCC4)ccc3C2=O)c1OC,990.0,6.00436480540245,6.00436480540245
COc1ccc(/C=C2\Oc3cc(OCCCCCN4CCCCC4)ccc3C2=O)cc1OC,1260.0,5.8996294548824375,5.8996294548824375
COc1cc2c(cc1OC)C(=O)C(CC1CCN(Cc3ccccc3)CC1)C2,5.7,8.244125144327509,8.244125144327509
CC(C)c1ccc(NC(=O)Oc2ccc3c(c2)[C@]2(C)CCN(C)[C@@H]2N3C)cc1,8400.0,5.075720713938118,5.075720713938118
Nc1ccc2c(c1)C(=O)N(CCC1CCN(Cc3ccccc3)CC1)C2=O,8.8,8.05551732784983,8.05551732784983
CC(=O)N(CCC1CCN(Cc2ccccc2)CC1)c1ccc(F)cc1,205.0,6.688246138944246,6.688246138944246
c1ccc(CN2CCC(CCN3CCc4ccccc4C3)CC2)cc1,1600.0,5.795880017344075,5.795880017344075
COc1ccc2c(c1)C(=O)N(CCC1CCN(Cc3ccccc3)CC1)C2=O,8.0,8.096910013008056,8.096910013008056
CCN(CC)CCNS(=O)(=O)c1ccc(F)c(F)c1,50000.0,4.301029995663981,4.301029995663981
CCN(CC)CCNS(=O)(=O)Cc1ccc(C(F)(F)F)cc1,12000.0,4.920818753952375,4.920818753952375
O=C1c2ccc([N+](=O)[O-])cc2C(=O)N1CC1CCN(Cc2ccccc2)CC1,2999.16,5.523000364762793,5.523000364762793
CC(=O)N(CCC1CCN(Cc2ccccc2)CC1)c1ccccc1,52.0,7.2839966563652,7.2839966563652
CCC(=O)N(CCC1CCN(Cc2ccccc2)CC1)c1ccccc1,830.0,6.080921907623926,6.080921907623926
CN1CCC(CCN2C(=O)c3ccc([N+](=O)[O-])cc3C2=O)CC1,6800.0,5.167491087293763,5.167491087293763
O=C1c2ccccc2CCN1CCC1CCN(Cc2ccccc2)CC1,1000.0,6.0,6.0
CCN(C)C(=O)Oc1cccc([C@H](C)N(C)C)c1,1110.0,5.954677021213342,5.954677021213342
COc1cccc(CN2CCC(CCC(=O)c3ccc(N4CCN(CCCCc5c[nH]c6ccc(C#N)cc56)CC4)cc3)CC2)c1,644.0,6.191114132640188,6.191114132640188
N#Cc1ccc2[nH]cc(CCN3CCN(c4ccc(C(=O)CCC5CCN(Cc6ccccc6)CC5)cc4)CC3)c2c1,5.04,8.297569463554474,8.297569463554474
COc1cccc(/C=C2\Oc3cc(OCCCN4CCCC4)ccc3C2=O)c1,4200.0,5.376750709602099,5.376750709602099
COc1cccc(/C=C2\Oc3cc(OCCCN4CCCCC4)ccc3C2=O)c1,750.0,6.1249387366083,6.1249387366083
COc1ccc(/C=C2\Oc3cc(OCCN4CCCC4)ccc3C2=O)c(OC)c1OC,13680.0,4.863913902615902,4.863913902615902
O=C1c2ccccc2CCCC1CC1CCN(Cc2ccccc2)CC1,15000.0,4.823908740944319,4.823908740944319
CCCCCCCCCCCCP(=O)(F)OC(C)C,6300.0,5.200659450546418,5.200659450546418
O=C(NCCC1CCN(Cc2ccccc2)CC1)c1ccncc1,38.99,7.409046764812015,7.409046764812015
CN(CCC1CCN(Cc2cccc([N+](=O)[O-])c2)CC1)C(=O)c1ccccc1,369.83,6.431997862495385,6.431997862495385
COc1cc2c(cc1OC)CC(CC1CCN(Cc3ccccc3)CC1)=C2,4400.0,5.356547323513812,5.356547323513812
COc1ccc(C(=O)N(CCC2CCN(Cc3ccccc3)CC2)c2ccccc2)cc1,590.0,6.229147988357855,6.229147988357855
COc1ccc(NC(=O)Oc2ccc3c(c2)[C@]2(C)CCN(CCc4ccccc4)[C@@H]2N3C)cc1OC,11000.0,4.958607314841775,4.958607314841775
COc1cc2c(cc1OC)C(=O)C(C1CCN(Cc3ccccc3)CC1)C2,3300.0,5.481486060122113,5.481486060122113
COc1cc2c(cc1OC)C(=O)C(CC1CCN(CC3CCCCC3)CC1)C2,8.9,8.050609993355087,8.050609993355087
O=c1cc(OCCCN2CCN(c3ccccc3F)CC2)c2ccccc2o1,5200.0,5.2839966563652006,5.2839966563652006
O=c1cc(OCCCNCCc2ccccc2)c2ccccc2o1,66950.0,4.174249418651972,4.174249418651972
CC(=O)Nc1ccc2c(c1)C(=O)N(CCC1CCN(Cc3ccccc3)CC1)C2=O,2.8,8.55284196865778,8.55284196865778
CN(CCC1CCN(Cc2ccccc2[N+](=O)[O-])CC1)C(=O)c1ccccc1,13995.87,4.854000100094879,4.854000100094879
O=c1ccc2cc(OCCN3CCCC3)c(O)cc2o1,6850.0,5.164309428507575,5.164309428507575
CCCCCCNC(=O)Oc1ccc2c(c1)C1CCN(C)C2C1,122.0,6.913640169325252,6.913640169325252
Cc1cccc(NC(=O)Oc2ccc3c(c2)CCCN3Cc2ccccc2)c1,60200.0,4.220403508742176,4.220403508742176
O=C(Nc1ccccc1F)Oc1ccc2c(c1)CCCN2Cc1ccc(Cl)cc1Cl,2560.0,5.59176003468815,5.59176003468815
O=C(Nc1cccc(Cl)c1)Oc1ccc2c(c1)CCCN2Cc1ccc(Cl)cc1Cl,210700.0,3.6763354643919,3.6763354643919
O=C(Nc1ccc(F)cc1)Oc1ccc2c(c1)CCCN2Cc1ccc(Cl)cc1Cl,89370.0,4.048808242065294,4.048808242065294
Nc1cccc2c1C(=O)N(CCC1CCN(Cc3ccccc3)CC1)C2=O,11.0,7.958607314841775,7.958607314841775
COc1cccc(N(CCC2CCN(Cc3ccccc3)CC2)C(C)=O)c1,46.0,7.337242168318426,7.337242168318426
Cc1ccccc1NC(=O)Oc1ccc2c(c1)CCCN2Cc1ccccc1,14300.0,4.844663962534939,4.844663962534939
COc1ccc(/C=C2\Oc3cc(OCCCN4CCCC4)ccc3C2=O)cc1OC,1030.0,5.987162775294828,5.987162775294828
COc1ccc(OC)c(/C=C2\Oc3cc(OCCN4CCCC4)ccc3C2=O)c1,1490.0,5.826813731587726,5.826813731587726
O=C1c2ccc([N+](=O)[O-])cc2C(=O)N1C1CCN(Cc2ccccc2)CC1,27000.0,4.568636235841013,4.568636235841013
O=C(NCCC1CCN(Cc2ccccc2)CC1)c1cc[n+]([O-])cc1,155.0,6.809668301829708,6.809668301829708
CN1c2ccc(OC(=O)Nc3ccccc3)cc2[C@]2(C)CCN(CCc3ccccc3)[C@H]12,1600.0,5.795880017344075,5.795880017344075
O=C1c2ccc([N+](=O)[O-])cc2C(=O)N1CCC1CCN(Cc2ccccc2)CC1,12.5,7.903089986991944,7.903089986991944
COc1ccc2c(c1)C(=O)C(CC1CCN(Cc3ccccc3)CC1)C2,81.0,7.091514981121351,7.091514981121351
COc1cc2c(cc1OC)C(=O)C(CC1CCN(Cc3cccc(C)c3)CC1)C2,2.0,8.698970004336019,8.698970004336019
O=C1c2cccc([N+](=O)[O-])c2C(=O)N1CCC1CCN(Cc2ccccc2)CC1,9.0,8.045757490560675,8.045757490560675
COc1cc2c(cc1OC)C(=O)C(CC1CCNCC1)C2,5395.11,5.267999696132879,5.267999696132879
Nc1c2c(nc3ccccc13)CCC(O)C2,4820.0,5.31695296176115,5.31695296176115
CC[C@@]1(c2cccc(O)c2)CCCCN(CCCCCCCCCCCCN2CCCC[C@@](CC)(c3cccc(O)c3)C2)C1,42.0,7.376750709602099,7.376750709602099
CC[C@@]1(c2cccc(O)c2)CCCCN(CCCCCCCCCCN2CCCC[C@@](CC)(c3cccc(O)c3)C2)C1,9.5,8.022276394711152,8.022276394711152
O=C(C1CCCCC1)N(CCC1CCN(Cc2ccccc2)CC1)c1ccccc1,9400.0,5.026872146400302,5.026872146400302
O=C(NCc1ccccc1)c1ccc2c(c1)C(=O)N(CCC1CCN(Cc3ccccc3)CC1)C2=O,2.2,8.657577319177793,8.657577319177793
O=C(NCCC1CCN(Cc2ccccc2)CC1)c1ccccn1,799.83,6.097002310392405,6.097002310392405
COc1cc2c(cc1OC)C(=O)C(CC1CCN(Cc3cccc([N+](=O)[O-])c3)CC1)C2,4.0,8.397940008672037,8.397940008672037
O=C1c2ccccc2CN1CCC1CCN(Cc2ccccc2)CC1,98.0,7.008773924307505,7.008773924307505
CCCCCCNC(=O)Oc1ccc2c(c1)C1CCN(CC)C2C1,156.0,6.806875401645538,6.806875401645538
O=C1c2cc3c(cc2C(=O)N1CCC1CCN(Cc2ccccc2)CC1)OCO3,86.0,7.0655015487564325,7.0655015487564325
COc1ccc2c3c1O[C@H]1C[C@@H](O)C=C[C@@]31CCN(C)C2,2500.0,5.6020599913279625,5.6020599913279625
O=C1c2cc3c(cc2C(=O)N1CCC1CCN(Cc2ccc(F)cc2)CC1)OCO3,167.0,6.777283528852417,6.777283528852417
O=C1c2cc3c(cc2C2(CC2)N1CCC1CCN(Cc2ccccc2F)CC1)OCO3,154.0,6.812479279163537,6.812479279163537
COc1ccccc1NC(=O)Oc1ccc2c(c1)CCCN2Cc1ccc(Cl)cc1Cl,13800.0,4.860120913598763,4.860120913598763
O=C(Nc1ccc(Cl)cc1)Oc1ccc2c(c1)CCCN2Cc1ccc(Cl)cc1Cl,3476500.0,2.4588577662783653,2.4588577662783653
COc1cc2c(cc1OC)C(=O)C(CC1CCN(CCc3ccccc3)CC1)C2,180.0,6.7447274948966935,6.7447274948966935
CCCCCCNC(=O)Oc1ccc2c(c1)[C@]1(C)CCN(CC)[C@@H]1C2,148.0,6.8297382846050425,6.8297382846050425
CCN(CC)CCNS(=O)(=O)c1cccc(OC)c1,7000.0,5.154901959985743,5.154901959985743
CCN(CC)CCNS(=O)(=O)c1ccccc1F,41000.0,4.3872161432802645,4.3872161432802645
CCN(CC)CCNS(=O)(=O)Cc1ccc(Br)cc1,10000.0,5.0,5.0
O=C1c2ccc([N+](=O)[O-])cc2C(=O)N1CCC1CCN(Cc2ccc(Cl)cc2)CC1,240.0,6.619788758288394,6.619788758288394
CC(=O)N(C)CCC1CCN(Cc2ccccc2)CC1,660.0,6.180456064458132,6.180456064458132
CCN(CCC1CCN(Cc2ccccc2)CC1)C(=O)c1ccccc1,130.02,6.885989838296538,6.885989838296538
CN(CCC1CCN(Cc2ccccc2)CC1)C(=O)c1ccccc1,170.0,6.769551078621726,6.769551078621726
O=C(NCCC1CCN(Cc2ccccc2)CC1)c1cccnc1,69.0,7.161150909262744,7.161150909262744
Cc1cccc(C(=O)NCCC2CCN(Cc3ccccc3)CC2)c1,469.89,6.328003797349959,6.328003797349959
CN(CCC1CCN(CC2CC2)CC1)C(=O)c1ccccc1,38018.94,4.419999995796937,4.419999995796937
COc1ccc(C(=O)NCCC2CCN(Cc3ccccc3)CC2)cc1,87.9,7.056011124926228,7.056011124926228
O=c1ccc2cc(OCCCN3CCCC3)c(O)cc2o1,2870.0,5.542118103266008,5.542118103266008
CCN(CC)CCNS(=O)(=O)c1cccc2ccccc12,44000.0,4.356547323513812,4.356547323513812
CCN(CC)CCNS(=O)(=O)c1ccc(Cl)cc1F,91000.0,4.040958607678906,4.040958607678906
CCN(CC)CCNS(=O)(=O)c1ccc(Cl)cc1,88000.0,4.055517327849831,4.055517327849831
CCN(CC)CCNS(=O)(=O)Cc1ccc(Cl)c(Cl)c1,7000.0,5.154901959985743,5.154901959985743
CCN(CC)CCNS(=O)(=O)Cc1ccc(Cl)cc1,12000.0,4.920818753952375,4.920818753952375
CCN(CC)CCNS(=O)(=O)Cc1ccc(F)cc1,40000.0,4.3979400086720375,4.3979400086720375
COc1ccccc1/C=C1\Oc2cc(OCCN3CCCC3)ccc2C1=O,2870.0,5.542118103266008,5.542118103266008
COc1cc(/C=C2\Oc3cc(OCCN4CCCC4)ccc3C2=O)cc(OC)c1,4810.0,5.317854923626168,5.317854923626168
COc1cccc(/C=C2\Oc3cc(OCCN4CCCCC4)ccc3C2=O)c1,1150.0,5.939302159646388,5.939302159646388
O=C(NCCC1CCN(C/C=C/c2ccccc2)CC1)c1ccccc1,53951.06,4.268000018124195,4.268000018124195
COc1ccc(/C=C2\Oc3cc(OCCN4CCCC4)ccc3C2=O)cc1OC,750.0,6.1249387366083,6.1249387366083
COc1ccc(/C=C2\Oc3cc(OCCN4CCCC4)ccc3C2=O)c(OC)c1,1610.0,5.79317412396815,5.79317412396815
Cc1c(C)c2ccc(OCC3CCCN(Cc4ccccc4)C3)cc2oc1=O,700.0,6.154901959985743,6.154901959985743
O=C(Nc1ccc(OC(F)(F)F)cc1)NC1CCN(C(=O)CCNc2c3c(nc4cc(Cl)ccc24)CCCC3)CC1,35.4,7.450996737974212,7.450996737974212
CC1=C[C@@H]2Cc3nc4cc(Cl)ccc4c(N)c3[C@H](C1)C2,0.62,9.207608310501746,9.207608310501746
COc1cc2c(cc1OC)C(=O)C(CN1CCC(Cc3ccccc3)CC1)C2,480.0,6.318758762624412,6.318758762624412
Cn1c(NCCNc2c3c(nc4cc(F)ccc24)CCCC3)nc(-c2ccncc2)cc1=O,3900.0,5.4089353929735005,5.4089353929735005
Cn1c(NCCNc2c3c(nc4cc(Br)ccc24)CCCC3)nc(-c2ccncc2)cc1=O,440.0,6.356547323513812,6.356547323513812
Cc1ccc2c(NCCNc3nc(-c4ccncc4)cc(=O)n3C)c3c(nc2c1)CCCC3,1890.0,5.723538195826756,5.723538195826756
COc1ccc2c(NCCNc3nc(-c4ccncc4F)cc(=O)n3C)c3c(nc2c1)CCCC3,9920.0,5.0034883278458215,5.0034883278458215
Cn1c(NCCNc2c3c(nc4ccc(Cl)cc24)CCCC3)nc(-c2ccncc2F)cc1=O,9800.0,5.008773924307505,5.008773924307505
Cn1c(NCCCCCCCNc2c3c(nc4ccccc24)CCCC3)nc(-c2ccncc2)cc1=O,130.0,6.886056647693163,6.886056647693163
Cn1c(NCCCCCCNc2c3c(nc4cc(Br)ccc24)CCCC3)nc(-c2ccncc2)cc1=O,45000.0,4.346787486224656,4.346787486224656
Cn1c(NCCCCCCNc2c3c(nc4cc(Cl)ccc24)CCCC3)nc(-c2ccncc2F)cc1=O,52700.0,4.278189384787454,4.278189384787454
Cn1c(NCCCCCCCNc2c3c(nc4cc(Cl)ccc24)CCCC3)nc(-c2ccncc2F)cc1=O,51100.0,4.291579099865287,4.291579099865287
Cn1c(NCCCCCCCNc2c3c(nc4ccc(F)cc24)CCCC3)nc(-c2ccncc2F)cc1=O,2380000.0,2.623423042943488,2.623423042943488
CNC(=O)Oc1ccc2c(c1)[C@]1(C)CCN(CCc3ccccc3)[C@@H]1N2C,170.0,6.769551078621726,6.769551078621726
CCCCCCNC(=O)Oc1ccc2c(c1)[C@]1(C)CCN(CCc3ccccc3)[C@@H]1N2C,970.0,6.013228265733755,6.013228265733755
CCCCc1ccc(NC(=O)Oc2ccc3c(c2)[C@]2(C)CCN(CCc4ccccc4)[C@@H]2N3C)cc1,48000.0,4.318758762624412,4.318758762624412
CN1c2ccc(OC(=O)Nc3ccc4c(c3)OCO4)cc2[C@]2(C)CCN(CCc3ccccc3)[C@H]12,1900.0,5.721246399047171,5.721246399047171
CC[C@@]1(c2cccc(O)c2)CCCCN(CCCCCCCCCCCN2CCCC[C@@](CC)(c3cccc(O)c3)C2)C1,24.0,7.619788758288394,7.619788758288394
CC[C@@]1(c2cccc(O)c2)CCCCN(CCCCCCCCCN2CCCC[C@@](CC)(c3cccc(O)c3)C2)C1,3.9,8.4089353929735,8.4089353929735
c1ccc2nc3c(cc2c1)CCCC3,136.0,6.866461091629782,6.866461091629782
COc1cc2c(cc1OC)C(=O)C(CC1CCN(Cc3ccc([N+](=O)[O-])cc3)CC1)C2,100.0,7.0,7.0
O=C(COc1ccc(Cl)cc1Cl)Nc1ccc(CN2CCCCC2)cc1,26.0,7.585026652029182,7.585026652029182
CCN(CC)CCNS(=O)(=O)c1ccc(C)cc1,135000.0,3.869666231504994,3.869666231504994
O=C1c2ccccc2CCC1CC1CCN(Cc2ccccc2)CC1,2100.0,5.6777807052660805,5.6777807052660805
CCCCCCCCP(=O)(F)OC(C)C,120.0,6.920818753952375,6.920818753952375
O=C(NCCC1CCN(Cc2ccccc2)CC1)c1ccc(S(=O)(=O)Cc2ccccc2)cc1,29.0,7.5376020021010435,7.5376020021010435
CC1(C)O[C@H]2O[C@H](CNCCCCCCNc3c4c(nc5ccccc35)CCCC4)[C@H](O)[C@H]2O1,8.7,8.060480747381382,8.060480747381382
O=C(c1ccc(F)cc1)N(CCC1CCN(Cc2ccccc2)CC1)c1ccccc1,18.0,7.744727494896693,7.744727494896693
CC(=O)N(CCC1CCN(Cc2ccccc2)CC1)c1ccncc1,108.0,6.966576244513051,6.966576244513051
COc1ccc2c(c1OC)CC(CC1CCN(Cc3ccccc3)CC1)C2=O,20.0,7.698970004336019,7.698970004336019
CO/C(=C\C1CCN(Cc2ccccc2)CC1)S(=O)(=O)c1ccc(OC)c(OC)c1,8437.0,5.073811950892794,5.073811950892794
COc1cc2c(cc1OC)S(=O)(=O)C(CC1CCN(Cc3ccccc3)CC1)C2,4.4,8.356547323513812,8.356547323513812
COc1cc2c(cc1OC)S(=O)(=O)C(CC1(F)CCN(Cc3ccccc3C)CC1)C2,12.1,7.91721462968355,7.91721462968355
CCCCCCCNC(=O)Oc1ccc2c(c1)[C@]1(C)CCN(C)[C@@H]1N2C,148.0,6.8297382846050425,6.8297382846050425
COc1cc2c(cc1OC)C(=O)C(CCC1CCN(Cc3ccccc3)CC1)C2,30.0,7.522878745280337,7.522878745280337
O=C(NCCC1CCN(Cc2ccccc2)CC1)C1CCCCC1,1600.0,5.795880017344075,5.795880017344075
c1ccc(CNCCC2CCN(Cc3ccccc3)CC2)cc1,46000.0,4.337242168318426,4.337242168318426
Cc1ccccc1CN1CCC(CCN(C)C(=O)c2ccccc2)CC1,769.13,6.114000248610755,6.114000248610755
Nc1c2c(nc3ccccc13)C(O)CCC2,1430.0,5.844663962534939,5.844663962534939
CN1c2ccc(OC(=O)NC3CCCCC3)cc2[C@]2(C)CCN(CCc3ccccc3)[C@H]12,5600.0,5.251811972993799,5.251811972993799
COc1cc2c(cc1OC)C(=O)C(CC1CCN(Cc3ccccc3[N+](=O)[O-])CC1)C2,160.0,6.795880017344075,6.795880017344075
COc1ccc(S(=O)(=O)/C=C/C2CCN(Cc3ccccc3)CC2)cc1OC,67.6,7.1700533040583645,7.1700533040583645
COc1ccc(S(=O)(=O)/C(Cl)=C/C2CCN(Cc3ccccc3)CC2)cc1OC,340.0,6.468521082957745,6.468521082957745
CC(C)c1ccc(NC(=O)Oc2ccc3c(c2)[C@]2(C)CCN(CCc4ccccn4)[C@@H]2N3C)cc1,4200.0,5.376750709602099,5.376750709602099
CC(C)c1ccc(NC(=O)Oc2ccc3c(c2)[C@]2(C)CCN(CCc4ccncc4)[C@@H]2N3C)cc1,23000.0,4.638272163982407,4.638272163982407
CN1c2ccc(OC(=O)Nc3ccc(C(C)(C)C)cc3)cc2[C@]2(C)CCN(CCc3ccccc3)[C@H]12,15000.0,4.823908740944319,4.823908740944319
CN1c2ccc(OC(=O)Nc3ccc4ccccc4c3)cc2[C@]2(C)CCN(CCc3ccccc3)[C@H]12,44000.0,4.356547323513812,4.356547323513812
O=C(Nc1ccc(OC(F)(F)F)cc1)NC1CCN(C(=O)CCCCNc2c3c(nc4cc(Cl)ccc24)CCCC3)CC1,4.12,8.385102783966865,8.385102783966865
COc1cc2c(cc1OC)C(=O)/C(=C/CC1CCN(Cc3ccccc3)CC1)C2,150.0,6.823908740944319,6.823908740944319
CC(CC(=O)Nc1nnc(Cc2ccccc2)s1)CC(C)(C)C,27110.0,4.566870482419515,4.566870482419515
O=C(Nc1nnc(-c2ccccc2)s1)c1cccc(CCl)c1,4090.0,5.388276691992658,5.388276691992658
Cc1ccc(-c2nnc(NC(=O)c3cc(C(F)(F)F)cc(C(F)(F)F)c3)s2)cc1,7090.0,5.149353764816933,5.149353764816933
Cc1ccc(-c2nnc(NC(=O)CC(C)CC(C)(C)C)s2)cc1,23660.0,4.625985259708089,4.625985259708089
CC(=O)Oc1cccc(C(=O)Nc2nnc(-c3ccc(C)cc3)s2)c1,10800.0,4.966576244513051,4.966576244513051
CC(=O)Oc1cccc(C(=O)Nc2nnc(-c3ccccc3Cl)s2)c1,3030.0,5.518557371497695,5.518557371497695
CN(Cc1ccccc1)Cc1ccc(COc2ccc3c(CO)cc(=O)oc3c2)cc1,400.0,6.3979400086720375,6.3979400086720375
COc1cc2c(cc1OC)S(=O)(=O)C(CC1(F)CCN(Cc3cccc(Cl)c3)CC1)C2,5.0,8.301029995663981,8.301029995663981
COc1cc2c(cc1OC)S(=O)(=O)C(CC1(F)CCN(Cc3ccc(F)cc3F)CC1)C2,7.1,8.148741651280925,8.148741651280925
CCCCCCCNC(=O)Oc1ccc2c(c1)C1CCN(CC)C2C1,153.0,6.815308569182402,6.815308569182402
CN(CCC1CCN(Cc2ccc([N+](=O)[O-])cc2)CC1)C(=O)c1ccccc1,3296.1,5.481999620764551,5.481999620764551
O=C1c2cccnc2C(=O)N1CCC1CCN(Cc2ccccc2)CC1,13.0,7.886056647693163,7.886056647693163
O=C(Nc1ccc2c(c1)C(=O)N(CCC1CCN(Cc3ccccc3)CC1)C2=O)c1ccccc1,1.2,8.920818753952375,8.920818753952375
O=c1[nH]c2ccccc2c(=O)n1CCC1CCN(Cc2ccccc2)CC1,4.2,8.3767507096021,8.3767507096021
COc1cc2c(cc1OC)C(=O)C(CCCCC1CCN(Cc3ccccc3)CC1)C2,35.0,7.455931955649724,7.455931955649724
O=C1Cc2ccccc2C(=O)N1CCC1CCN(Cc2ccccc2)CC1,23.0,7.638272163982407,7.638272163982407
CN(CCC1CCN(C(=O)c2ccccc2)CC1)C(=O)c1ccccc1,51999.6,4.283999997104834,4.283999997104834
CCN(CC)CCNS(=O)(=O)c1cccc(Cl)c1,18000.0,4.7447274948966935,4.7447274948966935
CCN(CC)CCNS(=O)(=O)c1cccc(C(F)(F)F)c1,22000.0,4.657577319177793,4.657577319177793
O=C1/C(=C/c2ccc(O)c(O)c2)Oc2cc(O)ccc21,698880.0,3.1555973876473944,3.1555973876473944
COc1ccc(OC)c(/C=C2\Oc3cc(OCCCN4CCCC4)ccc3C2=O)c1,4740.0,5.324221658325915,5.324221658325915
COc1ccc(/C=C2\Oc3cc(OCCCN4CCCC4)ccc3C2=O)c(OC)c1,1660.0,5.779891911959945,5.779891911959945
COc1cccc(/C=C2\Oc3cc(OCCCN4CCCC4)ccc3C2=O)c1OC,1050.0,5.978810700930062,5.978810700930062
COc1cc(/C=C2\Oc3cc(OCCN4CCCC4)ccc3C2=O)cc(OC)c1OC,1560.0,5.806875401645538,5.806875401645538
CCN(CC)CCOc1ccc2c(c1)O/C(=C\c1ccc(O)cc1)C2=O,35520.0,4.449527042893436,4.449527042893436
COc1ccc(CN2CCC(CCN3C(=O)c4ccc([N+](=O)[O-])cc4C3=O)CC2)cc1,440.0,6.356547323513812,6.356547323513812
CCN(CC)CCNS(=O)(=O)c1ccc(F)cc1,62000.0,4.207608310501746,4.207608310501746
O=C(Nc1cccc2c1C(=O)N(CCC1CCN(Cc3ccccc3)CC1)C2=O)c1ccccc1,340.0,6.468521082957745,6.468521082957745
CC(C)NCCCOc1cc2ccc(=O)oc2cc1O,26980.0,4.568958054664114,4.568958054664114
COCCN(C[C@@H]1CCCN(C2Cc3ccccc3C2)C1)C(=O)c1ccc2ccccc2c1,101200.0,3.99481948749622,3.99481948749622
O=C1c2cc3c(cc2C(=O)N1CCC1CCN(Cc2ccccc2F)CC1)OCO3,80.0,7.096910013008056,7.096910013008056
COc1ccc(NC(=O)Oc2ccc3c(c2)[C@]2(C)CCN(CCc4ccccc4)[C@@H]2N3C)cc1,33000.0,4.481486060122112,4.481486060122112
CN1c2ccc(OC(=O)NCc3ccccc3)cc2[C@]2(C)CCN(CCc3ccccc3)[C@H]12,180.0,6.7447274948966935,6.7447274948966935
CN1c2ccc(OC(=O)NCC3CCCCC3)cc2[C@]2(C)CCN(CCc3ccccc3)[C@H]12,2500.0,5.6020599913279625,5.6020599913279625
Cc1ccc(-c2nnc(NC(=O)c3cccc(CCl)c3)s2)cc1,12550.0,4.901356274182943,4.901356274182943
c1ccc2c(NCCCCCCCNc3c4c(nc5ccccc35)CCCC4)c3c(nc2c1)CCCC3,1.9,8.721246399047171,8.721246399047171
O=C1c2cc3c(cc2CN1CCC1CCN(Cc2cccc(F)c2)CC1)OCO3,486.0,6.313363730737707,6.313363730737707
O=c1ccc2cc(OCCCN3CCCCC3)c(O)cc2o1,19090.0,4.719194071606333,4.719194071606333
CCN(CC)CCOc1cc2ccc(=O)oc2cc1O,18650.0,4.729321163855293,4.729321163855293
COc1cc2c(cc1OC)C(O)C(CC1CCN(Cc3ccccc3)CC1)C2,300.0,6.522878745280337,6.522878745280337
O=C(c1ccccc1)N(CCC1CCN(Cc2ccccc2)CC1)Cc1ccccc1,940.0,6.026872146400302,6.026872146400302
COc1cc2ccc(=O)oc2cc1O,476370.0,3.3220555965694074,3.3220555965694074
O=C1c2cc3c(cc2CN1CCC1CCN(Cc2ccc(F)cc2)CC1)OCO3,658.0,6.181774106386045,6.181774106386045
O=C1c2cc3c(cc2C2(CC2)N1CCC1CCN(Cc2ccc(F)cc2)CC1)OCO3,706.0,6.151195298948196,6.151195298948196
O=C1c2cc3c(cc2C2(CC2)N1CCC1CCN(Cc2ccccn2)CC1)OCO3,903.0,6.044312249686494,6.044312249686494
Fc1ccc(N2CCN(c3c4ccccc4nc4c(Cl)cccc34)CC2)cc1,330.0,6.481486060122113,6.481486060122113
Cc1cccc(NC(=O)Oc2ccc3c(c2)CCCN3Cc2ccc(Cl)cc2Cl)c1,700.0,6.154901959985743,6.154901959985743
COc1ccccc1/C=C1\Oc2cc(OCCN3CCCCC3)ccc2C1=O,2520.0,5.598599459218456,5.598599459218456
O=C1/C(=C/c2ccc(O)cc2)Oc2cc(OCCN3CCCC3)ccc21,11120.0,4.953895212753961,4.953895212753961
CN(C)C(=O)Oc1ccc2c(c1)C=CCN[C@@H]2CCOc1ccc([N+](=O)[O-])cc1,14.0,7.853871964321762,7.853871964321762
CN(C)C(=O)Oc1ccc2c(c1)C=CCN(C)[C@H]2CCOc1ccc([N+](=O)[O-])cc1,609.0,6.215382707367125,6.215382707367125
CC1(C)O[C@H]2[C@@H](O1)[C@@H](CNCCCCCCCCNc1c3c(nc4ccccc14)CCCC3)O[C@@H]1OC(C)(C)O[C@@H]12,4.8,8.318758762624412,8.318758762624412
CC1(C)O[C@H]2O[C@H](CNCCCCCCCCNc3c4c(nc5ccccc35)CCCC4)[C@H](O)[C@H]2O1,5.1,8.292429823902063,8.292429823902063
O=C(Oc1cccc(/C=C2\Cc3ccccc3C2=O)c1)c1cc(C(F)(F)F)cc(C(F)(F)F)c1,12010.0,4.920456992597094,4.920456992597094
O=C(Oc1cccc(/C=C2\Cc3ccccc3C2=O)c1)c1ccccc1F,14060.0,4.852014679316195,4.852014679316195
O=C(c1ccc(S(=O)(=O)Cc2ccccc2)cc1)N(CCC1CCN(Cc2ccccc2)CC1)c1ccccc1,0.6,9.221848749616356,9.221848749616356
O=C1c2cc3c(cc2C2(CC2)N1CCC1CCN(Cc2ccccc2Cl)CC1)OCO3,653.0,6.185086818724926,6.185086818724926
CCN(CC)CCNS(=O)(=O)c1ccc([N+](=O)[O-])cc1,95000.0,4.022276394711152,4.022276394711152
CCN(CC)CCNS(=O)(=O)c1ccc(OC)cc1,119000.0,3.924453038607469,3.924453038607469
CCN(CC)CCNS(=O)(=O)Cc1ccccc1,139000.0,3.856985199745905,3.856985199745905
CCN(C)CCCCOc1ccc2c(=O)c(-c3ccc(OCCN4CCCCC4)cc3)coc2c1,81.0,7.091514981121351,7.091514981121351
COc1ccc(-c2coc3cc(OCCNc4c5c(nc6ccccc46)CCCC5)ccc3c2=O)cc1,960.0,6.017728766960431,6.017728766960431
COc1ccc(-c2coc3cc(OCCNC4CCCC4)ccc3c2=O)cc1,4500.0,5.346787486224656,5.346787486224656
O=c1c2ccccc2ccn1CCC1CCN(Cc2ccccc2)CC1,1100.0,5.958607314841775,5.958607314841775
CN(C)C(=O)Oc1ccc([C@@H](N)CCOc2ccc([N+](=O)[O-])cc2)cc1,101.0,6.995678626217358,6.995678626217358
CCOP(=O)(OCC)Oc1ccc([N+](=O)[O-])cc1,13.0,7.886056647693163,7.886056647693163
CC[C@@]1(c2cccc(O)c2)CCCCN(CCCCCCCCN2CCCC[C@@](CC)(c3cccc(O)c3)C2)C1,79.0,7.102372908709558,7.102372908709558
CC[C@@]1(c2cccc(O)c2)CCCCN(CCCCN2CCCC[C@@](CC)(c3cccc(O)c3)C2)C1,21400.0,4.669586226650809,4.669586226650809
CCN(CCC1CCN(Cc2ccccc2)CC1)c1ccccc1,12000.0,4.920818753952375,4.920818753952375
Cc1ccccc1CN1CCC(CCN2C(=O)c3cc4c(cc3C23CC3)OCO4)CC1,959.0,6.018181392829336,6.018181392829336
O=C1c2cc3c(cc2C2(CC2)N1CCC1CCN(Cc2c(F)cccc2F)CC1)OCO3,249.0,6.603800652904264,6.603800652904264
O=C(NCCC1CCN(CCc2ccccc2)CC1)c1ccccc1,13001.7,4.88599985905086,4.88599985905086
c1ccc(CN2CCC(CCCc3noc4ccccc34)CC2)cc1,899.5,6.04599883231843,6.04599883231843
O=C1N(CC2CCNCC2)c2ccccc2C1(O)c1ccccc1,564940.0,3.247997674397562,3.247997674397562
O=C(NCCC1CCN(Cc2ccccc2)CC1)c1cccc([N+](=O)[O-])c1,230.14,6.638007891242187,6.638007891242187
CN(C)C(=O)Oc1ccc2c(c1)C=CCN(C)C2CCOc1ccc([N+](=O)[O-])cc1,66.0,7.180456064458132,7.180456064458132
CCN(CCC1CCN(Cc2ccccc2)CC1)C(=O)c1ccc(S(=O)(=O)Cc2ccccc2)cc1,0.3,9.522878745280336,9.522878745280336
CC(=O)Oc1cccc(C(=O)Nc2nnc(Cc3ccccc3)s2)c1,11580.0,4.936291440608582,4.936291440608582
CC1=C[C@H]2Cc3nc4cc(Cl)ccc4c(N)c3[C@@H](C1)C2,474.0,6.324221658325915,6.324221658325915
O=C(CCCC1CCN(Cc2ccccc2)CC1)c1ccccc1,529.66,6.276002823808256,6.276002823808256
COc1cc2c(cc1OC)C(=O)/C(=C/C1CCN(Cc3ccccc3)CC1)C2,13.0,7.886056647693163,7.886056647693163
CCCCN1CCN(CCCC2CCCCCC2)C[C@@H]1Cc1c[nH]c2ccccc12,10300.0,4.987162775294828,4.987162775294828
CN(CCC1CCN(CC23CC4CC(CC(C4)C2)C3)CC1)C(=O)c1ccccc1,23988.33,4.619999985338959,4.619999985338959
CN(C)C(=O)Oc1ccc2c(c1)C=CCN(C)[C@@H]2CCOc1ccc([N+](=O)[O-])cc1,14.0,7.853871964321762,7.853871964321762
Cc1cccc(CN2CCC(CCN(C)C(=O)c3ccccc3)CC2)c1,144.88,6.838991562693998,6.838991562693998
O=C(Nc1nnc(Cc2ccccc2)s1)c1cccc(CCl)c1,20260.0,4.693360558975738,4.693360558975738
O=C(NCCC1CCNCC1)c1ccccc1,26001.6,4.58499992703721,4.58499992703721
C#CCN1CCN(Cc2ccc(OC(=O)N(C)C)c3ncccc23)CC1,10.0,8.0,8.0
CN[C@@H](CCOc1ccc([N+](=O)[O-])cc1)c1ccc(OC(=O)N(C)C)cc1,101.0,6.995678626217358,6.995678626217358
COc1cc2c(cc1OC)S(=O)(=O)/C(=C/C1CCN(Cc3ccccc3)CC1)CC2,1820.0,5.739928612014925,5.739928612014925
COc1cccc2c1CC(CC1CCN(Cc3ccccc3)CC1)C2=O,12.0,7.920818753952375,7.920818753952375
CC(=O)c1ccc(C(=O)NCCC2CCN(Cc3ccccc3)CC2)cc1,51.0,7.292429823902063,7.292429823902063
O=C(NCCC1CCN(Cc2ccccc2)CC1)c1ccc([N+](=O)[O-])cc1,55.0,7.259637310505756,7.259637310505756
CN(CCC1CCN(CC2CCCCC2)CC1)C(=O)c1ccccc1,410.2,6.387004343967653,6.387004343967653
CNC(CCOc1ccc([N+](=O)[O-])cc1)c1ccc(OC(=O)N(C)C)cc1,125.0,6.903089986991944,6.903089986991944
CN[C@H](CCOc1ccc([N+](=O)[O-])cc1)c1ccc(OC(=O)N(C)C)cc1,143.0,6.844663962534939,6.844663962534939
COc1cc2c(cc1OC)C(=O)C(CN1CCN(Cc3ccccc3)CC1)C2,94.0,7.026872146400302,7.026872146400302
O=C1c2cc3c(cc2C(=O)N1CCC1CCN(Cc2cccc(F)c2)CC1)OCO3,269.0,6.570247719997592,6.570247719997592
CC1c2cc3c(cc2C(=O)N1CCC1CCN(Cc2cccc(F)c2)CC1)OCO3,889.0,6.051098239029786,6.051098239029786
O=C(Nc1ccc(OC(F)(F)F)cc1)NC1CCN(C(=O)CCCNc2c3c(nc4cc(Cl)ccc24)CCCC3)CC1,4.01,8.396855627379818,8.396855627379818
O=c1c(-c2ccc(O)cc2)coc2cc(OCCCCN3CCCCC3)ccc12,26790.0,4.572027286391792,4.572027286391792
O=c1cc(OCCCCN2CCN(c3ccccn3)CC2)c2ccccc2o1,37550.0,4.425390058659813,4.425390058659813
Nc1c2c(nc3ccccc13)CC(O)CC2,1210.0,5.91721462968355,5.91721462968355
COc1cc(/C=C2\Oc3cc(OCCN4CCCCC4)ccc3C2=O)cc(OC)c1OC,1120.0,5.950781977329818,5.950781977329818
Nc1c2c(nc3ccccc13)CCCC2O,1000.0,6.0,6.0
O=C1c2ccccc2CC1CCC1CCN(Cc2ccccc2)CC1,230.0,6.638272163982407,6.638272163982407
COc1cc2c(cc1OC)C(=O)C(CCCC1CCN(Cc3ccccc3)CC1)C2,1.5,8.823908740944319,8.823908740944319
O=C(Nc1ccccc1Cl)Oc1ccc2c(c1)CCCN2Cc1ccc(Cl)cc1Cl,11870.0,4.9255492810454085,4.9255492810454085
Cc1ccccc1NC(=O)Oc1ccc2c(c1)CCCN2Cc1ccc(Cl)cc1Cl,2570.0,5.590066876668706,5.590066876668706
O=c1cc(OCCCN2CCN(c3ccccn3)CC2)c2ccccc2o1,16050.0,4.794524963259109,4.794524963259109
CN(CCCOc1cc(=O)oc2ccccc12)CCN1CCOCC1,91080.0,4.040576978056895,4.040576978056895
O=c1cc(OCCCCN2CCN(c3ccccc3)CC2)c2ccccc2o1,14900.0,4.826813731587726,4.826813731587726
O=C(Oc1cccc(/C=C2\Cc3ccccc3C2=O)c1)c1cccc(OC(F)(F)F)c1,12300.0,4.910094888560602,4.910094888560602
O=c1c(-c2ccc(OCCN3CCCCC3)cc2)coc2cc(OCCN3CCCC3)ccc12,710.0,6.1487416512809245,6.1487416512809245
O=C(Oc1cccc(/C=C2\Cc3ccccc3C2=O)c1)c1ccc(F)cc1,40590.0,4.391580948682715,4.391580948682715
O=C(NCCC1CCN(Cc2ccccc2)CC1)c1ccc(F)cc1,85.0,7.070581074285707,7.070581074285707
CCC1(c2cccc(O)c2)CCCCN(CCCCCN2CCCC[C@@](CC)(c3cccc(O)c3)C2)C1,1000.0,6.0,6.0
COc1cc2c(cc1OC)C(=O)/C(=C\C1CCN(Cc3ccccc3)CC1)C2,13.0,7.886056647693163,7.886056647693163
COc1cc2c(cc1OC)C(=O)C(CCCCCC1CCN(Cc3ccccc3)CC1)C2,14.0,7.853871964321762,7.853871964321762
COc1cc2c(c(OC)c1OC)C(=O)C(CC1CCN(Cc3ccccc3)CC1)C2,13.0,7.886056647693163,7.886056647693163
CCCCCCCNC(=O)Oc1ccc2c(c1)C1CCN(C)C2C1,159.0,6.798602875679548,6.798602875679548
CC[C@@]1(c2cccc(O)c2)CCCCN(CCN2CCCC[C@@](CC)(c3cccc(O)c3)C2)C1,43000.0,4.366531544420414,4.366531544420414
CCC1(c2cccc(O)c2)CCCCN(C)C1,41000.0,4.3872161432802645,4.3872161432802645
COc1ccc(C(=O)Oc2cccc(/C=C3\Cc4ccccc4C3=O)c2)cc1,38900.0,4.410050398674292,4.410050398674292
O=C(Oc1cccc(/C=C2\Cc3ccccc3C2=O)c1)c1ccc(CCl)cc1,79710.0,4.09848719087006,4.09848719087006
Cn1c(NCCCCCCNc2c3c(nc4ccccc24)CCCC3)nc(-c2ccncc2F)cc1=O,631000.0,3.1999706407558657,3.1999706407558657
Cn1c(NCCCCCCCNc2c3c(nc4cc(F)ccc24)CCCC3)nc(-c2ccncc2F)cc1=O,134300.0,3.871923987331285,3.871923987331285
Cn1c(NCCNc2c3c(nc4ccccc24)CCCC3)nc(-c2ccncn2)cc1=O,800.0,6.096910013008056,6.096910013008056
Cn1c(NCCNc2c3c(nc4ccc(Cl)cc24)CCCC3)nc(-c2ccncn2)cc1=O,18800.0,4.72584215073632,4.72584215073632
Cc1ccc2c(NCCCCCCCNc3nc(-c4ccncc4)cc(=O)n3C)c3c(nc2c1)CCCC3,145000.0,3.838631997765025,3.838631997765025
N#Cc1ccc2[nH]cc(CCCCN3CCN(c4ccc(C(=O)CCC5CCN(Cc6ccc(F)cc6)CC5)cc4)CC3)c2c1,32.4,7.489454989793388,7.489454989793388
Cc1cccc(CN2CCC(CCC(=O)c3ccc(N4CCN(CCCCc5c[nH]c6ccc(C#N)cc56)CC4)cc3)CC2)c1,18.3,7.73754891026957,7.73754891026957
N#Cc1ccc2[nH]cc(CCCN3CCN(c4ccc(C(=O)CCC5CCN(Cc6ccoc6)CC5)cc4)CC3)c2c1,9.61,8.017276612331454,8.017276612331454
N#Cc1ccc2[nH]cc(CN3CCN(c4ccc(C(=O)CCC5CCN(Cc6cccnc6)CC5)cc4)CC3)c2c1,9.97,8.001304841688345,8.001304841688345
N#Cc1ccc2[nH]cc(CCN3CCN(c4ccc(C(=O)CCC5CCN(Cc6cc[nH]c6)CC5)cc4)CC3)c2c1,3.54,8.450996737974211,8.450996737974211
COC(=O)c1ccc2[nH]cc(CCCCN3CCN(c4ccc(C(=O)CCC5CCN(Cc6ccccc6)CC5)cc4)CC3)c2c1,3.28,8.48412615628832,8.48412615628832
N#Cc1ccc2[nH]cc(CCCN3CCN(C4=CC5CC(CC6CCN(Cc7ccccc7)CC6)C(=O)C5C=C4)CC3)c2c1,4.38,8.358525889495901,8.358525889495901
N#Cc1ccc2[nH]cc(CCCN3CCN(c4ccc(C(=O)CCC5CCN(Cc6ccccc6)CC5)cc4)CC3)c2c1,2.18,8.661543506395395,8.661543506395395
N#Cc1ccc2[nH]cc(CCCCN3CCN(c4ccc5c(c4)C(=O)C(CC4CCN(Cc6ccccc6)CC4)C5)CC3)c2c1,37.42,7.426896216836009,7.426896216836009
N#Cc1ccc2[nH]cc(CCCN3CCN(c4ccc(C(=O)CCC5CCN(Cc6ccsc6)CC5)cc4)CC3)c2c1,1.85,8.732828271596986,8.732828271596986
CC(CC(=O)Nc1nnc(-c2ccccc2)s1)CC(C)(C)C,23660.0,4.625985259708089,4.625985259708089
O=c1cc(OCCCN2CCN(c3ccc(F)cc3)CC2)c2ccccc2o1,9500.0,5.022276394711152,5.022276394711152
O=c1cc(OCCCCN2CCN(c3ccccc3F)CC2)c2ccccc2o1,29730.0,4.526805090795063,4.526805090795063
O=c1cc(OCCCCN2CCN(c3ncccn3)CC2)c2ccccc2o1,34810.0,4.458295976715712,4.458295976715712
CO[C@@H]1O[C@H](CNCCCCCCCCCNc2c3c(nc4ccccc24)CCCC3)[C@H]2OC(C)(C)O[C@@H]12,65.5,7.183758700008217,7.183758700008217
CC1(C)O[C@H]2O[C@H](CNCCCCCCCCCNc3c4c(nc5ccccc35)CCCC4)[C@H](O)[C@H]2O1,10.2,7.991399828238082,7.991399828238082
CC1(C)O[C@H]2O[C@H](CNCCCCCCCNc3c4c(nc5ccccc35)CCCC4)[C@H](O)[C@H]2O1,84.4,7.073657553374344,7.073657553374344
Cn1c(NCCNc2c3c(nc4cc(F)ccc24)CCCC3)nc(-c2ccncc2F)cc1=O,730.0,6.136677139879544,6.136677139879544
Cn1c(NCCCCNc2c3c(nc4ccccc24)CCCC3)nc(-c2ccncc2)cc1=O,1420.0,5.847711655616943,5.847711655616943
COc1cc2c(cc1OC)C(=O)C(CC1CCN(Cc3ccccc3C)CC1)C2,10.0,8.0,8.0
COc1ccc2c(c1OC)C(=O)C(CC1CCN(Cc3ccccc3)CC1)C2,85.0,7.070581074285707,7.070581074285707
CCN1CCN(C2CCN(C(=O)COc3ccc(-c4ccccc4)cc3)CC2)CC1,18000.0,4.7447274948966935,4.7447274948966935
CN1c2ccc(OC(=O)NCCc3ccccc3)cc2[C@]2(C)CCN(CCc3ccccc3)[C@H]12,450.0,6.346787486224656,6.346787486224656
CO[C@@H]1O[C@H](CNCCCCCCCn2c(-c3ccccc3)nc(-c3ccccc3)c2-c2ccccc2)[C@H]2OC(C)(C)O[C@@H]12,2750.0,5.560667306169737,5.560667306169737
Cc1ccc(CN2CCC(CCN(C)C(=O)c3ccccc3)CC2)cc1,41020.41,4.387000003162004,4.387000003162004
COc1cc(C(=O)Oc2cccc(/C=C3\Cc4ccccc4C3=O)c2)cc(OC)c1OC,14060.0,4.852014679316195,4.852014679316195
COc1ccccc1/C=C1\Oc2cc(OCCCN3CCCC3)ccc2C1=O,5930.0,5.226945306635737,5.226945306635737
O=C(Nc1cccc(Br)c1)Oc1ccc2c(c1)CCCN2Cc1ccc(Cl)cc1Cl,140000.0,3.853871964321762,3.853871964321762
CCCCCCCNC(=O)Oc1ccc2c(c1)CCCN2Cc1ccc(Cl)cc1Cl,105130.0,3.978273335586223,3.978273335586223
Cc1ccc(NC(=O)Oc2ccc3c(c2)CCCN3Cc2ccc(Cl)cc2Cl)cc1,850600.0,3.070274621621996,3.070274621621996
O=C(Nc1nnc(-c2ccccc2Cl)s1)c1cc(C(F)(F)F)cc(C(F)(F)F)c1,2740.0,5.562249437179612,5.562249437179612
Cn1c(NCCCCCCCNc2c3c(nc4ccc(F)cc24)CCCC3)nc(-c2ccncc2)cc1=O,1800000.0,2.744727494896694,2.744727494896694
CO[C@@H]1O[C@H](CNCCCCCCCCNc2c3c(nc4ccccc24)CCCC3)[C@H]2OC(C)(C)O[C@@H]12,89.9,7.046240308266771,7.046240308266771
C#CCNCc1ccc2c(c1)ncn2-c1cc(NC(=S)NCC)ncn1,32.0,7.494850021680094,7.494850021680094
O=C1c2cc3c(cc2C2(CC2)N1CCC1CCN(Cc2cccc(F)c2)CC1)OCO3,376.0,6.424812155072339,6.424812155072339
O=C1c2cc3c(cc2C(=O)N1CCC1CCN(Cc2cccnn2)CC1)OCO3,905.0,6.043351420794797,6.043351420794797
CCCCCCNC(=O)Oc1ccc2c(c1)CCCN2Cc1ccc(Cl)cc1Cl,14080.0,4.851397345193907,4.851397345193907
COc1ccc(/C=C2\Oc3cc(OCCCN4CCCC4)ccc3C2=O)cc1,3310.0,5.480172006224281,5.480172006224281
COc1ccc(/C=C2\Oc3cc(OCCN4CCCC4)ccc3C2=O)cc1,2380.0,5.623423042943488,5.623423042943488
COc1cccc(/C=C2\Oc3cc(OCCN4CCCC4)ccc3C2=O)c1,1610.0,5.79317412396815,5.79317412396815
COc1cc2c(cc1OC)S(=O)(=O)/C(=C/C1CCN(Cc3ccccc3)CC1)C2,4.7,8.327902142064282,8.327902142064282
COc1cc2c(cc1OC)S(=O)(=O)C(CC1CCN(Cc3ccc(F)cc3)CC1)C2,11.3,7.94692155651658,7.94692155651658
COc1cc2c(cc1OC)S(=O)(=O)C(CC1CCN(Cc3ccc(F)cc3F)CC1)C2,14.7,7.832682665251823,7.832682665251823
COc1cc2c(cc1OC)S(=O)(=O)C(CC1(F)CCN(Cc3ccc(F)cc3)CC1)C2,11.3,7.94692155651658,7.94692155651658
O=C(Nc1nnc(-c2ccccc2Cl)s1)c1cccc(CCl)c1,3000.0,5.522878745280337,5.522878745280337
CC(C)c1ccc(NC(=O)Oc2ccc3c(c2)[C@]2(C)CCN(CCN4CCCCC4)[C@@H]2N3C)cc1,3500.0,5.455931955649724,5.455931955649724
COc1cc2c(c(OC)c1)C(=O)C(CC1CCN(Cc3ccccc3)CC1)C2,25.0,7.602059991327962,7.602059991327962
CCN1CCC(CCC(=O)c2ccc(N3CCN(CCCCc4c[nH]c5ccc(C#N)cc45)CC3)cc2)CC1,392.8,6.405828520885088,6.405828520885088
C=CCN1CCC(CCC(=O)c2ccc(N3CCN(CCCCc4c[nH]c5ccc(C#N)cc45)CC3)cc2)CC1,267.0,6.573488738635425,6.573488738635425
N#Cc1ccc2[nH]cc(CCCCN3CCN(c4ccc(C(=O)CCC5CCN(Cc6cccc(F)c6)CC5)cc4)CC3)c2c1,10.9,7.962573502059376,7.962573502059376
CC1=C[C@@H]2Cc3nc4cc(Cl)ccc4c(NCCCCC(=O)N4CCC(NC(=O)Nc5ccc(OC(F)(F)F)cc5)CC4)c3[C@H](C1)C2,2.61,8.58335949266172,8.58335949266172
CC1=C[C@H]2Cc3nc4cc(Cl)ccc4c(NCCCCC(=O)N4CCC(NC(=O)Nc5ccc(OC(F)(F)F)cc5)CC4)c3[C@@H](C1)C2,102.0,6.991399828238082,6.991399828238082
N#Cc1ccc2[nH]cc(CN3CCN(c4ccc(C(=O)CCC5CCN(Cc6cc[nH]c6)CC5)cc4)CC3)c2c1,3.42,8.465973893943865,8.465973893943865
N#Cc1ccc2[nH]cc(CCCN3CCN(c4ccc(C(=O)CCC5CCN(Cc6cc[nH]c6)CC5)cc4)CC3)c2c1,3.27,8.485452247339714,8.485452247339714
O=C(Oc1cccc(/C=C2\Cc3ccccc3C2=O)c1)c1cc(Cl)cc(Cl)c1,43270.0,4.363813104801276,4.363813104801276
O=C(Oc1cccc(/C=C2\Cc3ccccc3C2=O)c1)c1cccc(CCl)c1,27070.0,4.567511744229494,4.567511744229494
COCCN(C[C@H]1CCCN(C2Cc3ccccc3C2)C1)C(=O)c1ccc2ccccc2c1,110300.0,3.9574244875598095,3.9574244875598095
N#Cc1ccc2[nH]cc(CCCCN3CCN(c4ccc(C(=O)CCC5CCN(Cc6cccc(Br)c6)CC5)cc4)CC3)c2c1,91.5,7.038578905933552,7.038578905933552
N#Cc1ccc2[nH]cc(CN3CCN(c4ccc5c(c4)CC(CC4CCN(Cc6ccccc6)CC4)C5=O)CC3)c2c1,6.68,8.175223537524454,8.175223537524454
N#Cc1ccc2[nH]cc(CCCN3CCN(c4ccc(C(=O)CCC5CCN(Cc6cccnc6)CC5)cc4)CC3)c2c1,6.41,8.193141970481182,8.193141970481182
N#Cc1ccc2[nH]cc(CN3CCN(c4ccc(C(=O)CCC5CCN(Cc6ccsc6)CC5)cc4)CC3)c2c1,2.35,8.628932137728263,8.628932137728263
N#Cc1ccc2[nH]cc(CCCCN3CCN(c4ccc(C(=O)CCC5CCN(Cc6ccoc6)CC5)cc4)CC3)c2c1,8.95,8.048176964684089,8.048176964684089
N#Cc1ccc2[nH]cc(CCCCN3CCN(c4ccc(C(=O)CCC5CCN(Cc6ccccc6F)CC5)cc4)CC3)c2c1,12.0,7.920818753952375,7.920818753952375
COc1cc2c(cc1OC)S(=O)(=O)C(CC1(F)CCN(Cc3ccc(F)c(Cl)c3)CC1)C2,12.9,7.889410289700751,7.889410289700751
Cn1c(NCCCCCCNc2c3c(nc4ccc(F)cc24)CCCC3)nc(-c2ccncc2F)cc1=O,2210000.0,2.6556077263148894,2.6556077263148894
C/C=C1\[C@H]2C=C(C)C[C@]1(N)c1ccc(=O)[nH]c1C2,82.0,7.086186147616283,7.086186147616283
O=C1c2cc3c(cc2C2(CC2)N1CCC1CCN(Cc2ccccc2)CC1)OCO3,202.0,6.694648630553377,6.694648630553377
CC1c2cc3c(cc2C(=O)N1CCC1CCN(Cc2ccccc2F)CC1)OCO3,239.0,6.621602099051862,6.621602099051862
COc1cc2c(cc1OC)S(=O)(=O)C(CC1CCN(Cc3ccccc3)CC1)=C2,317.0,6.498940737782249,6.498940737782249
COc1cc2c(cc1OC)S(=O)(=O)C(CC1CCN(Cc3cccc(F)c3)CC1)C2,4.4,8.356547323513812,8.356547323513812
COc1cc2c(cc1OC)S(=O)(=O)C(CC1(F)CCN(Cc3ccccc3Cl)CC1)C2,5.5,8.259637310505756,8.259637310505756
COc1cc2c(cc1OC)S(=O)(=O)/C(=C\C1CCN(Cc3ccccc3)CC1)C2,11.1,7.954677021213342,7.954677021213342
COc1cc2c(cc1OC)S(=O)(=O)C(CC1(F)CCN(Cc3ccccc3F)CC1)C2,8.5,8.070581074285707,8.070581074285707
COc1cc2c(cc1OC)S(=O)(=O)C(CC1(F)CCN(Cc3ccccc3C(F)(F)F)CC1)C2,3007.0,5.521866571899483,5.521866571899483
COc1cc2c(cc1OC)S(=O)(=O)C(CC1(F)CCN(Cc3cccc(C)c3)CC1)C2,3.8,8.42021640338319,8.42021640338319
O=C1c2cc3c(cc2CN1CCC1CCN(Cc2ccccc2)CC1)OCO3,502.0,6.29929628285498,6.29929628285498
O=c1cc(OCCCN2CCN(c3ccccc3)CC2)c2ccccc2o1,2420.0,5.616184634019569,5.616184634019569
O=c1cc(OCCCN2CCN(c3ncccn3)CC2)c2ccccc2o1,21630.0,4.6649434805609085,4.6649434805609085
O=c1[nH]c2cc(Cl)ccc2c(=O)n1CCC1CCN(Cc2ccccc2)CC1,4.5,8.346787486224656,8.346787486224656
O=C1Cc2ccccc2CN1CCC1CCN(Cc2ccccc2)CC1,17.0,7.769551078621726,7.769551078621726
O=c1c2ccccc2ncn1CCC1CCN(Cc2ccccc2)CC1,1200.0,5.920818753952375,5.920818753952375
O=C(c1ccccc1)c1ccc2c(c1)C(=O)N(CCC1CCN(Cc3ccccc3)CC1)C2=O,2.4,8.619788758288394,8.619788758288394
COc1ccc(N(CCC2CCN(Cc3ccccc3)CC2)C(C)=O)cc1,700.0,6.154901959985743,6.154901959985743
CC(=O)N(CCC1CCN(Cc2ccccc2)CC1)c1cccc(F)c1,65.0,7.187086643357144,7.187086643357144
Cn1c(NCCCNc2c3c(nc4ccccc24)CCCC3)nc(-c2ccncc2)cc1=O,2850.0,5.54515513999149,5.54515513999149
Cn1c(NCCCCCCNc2c3c(nc4ccccc24)CCCC3)nc(-c2ccncc2)cc1=O,120.0,6.920818753952375,6.920818753952375
Cc1ccc2c(NCCCCCCNc3nc(-c4ccncc4)cc(=O)n3C)c3c(nc2c1)CCCC3,238700.0,3.6221475809932455,3.6221475809932455
Cc1ccc2c(NCCCCCCNc3nc(-c4ccncc4F)cc(=O)n3C)c3c(nc2c1)CCCC3,298300.0,3.525346746637937,3.525346746637937
Cn1c(NCCNc2c3c(nc4ccc(Br)cc24)CCCC3)nc(-c2ccncc2)cc1=O,15800.0,4.801342913045577,4.801342913045577
COc1ccc2c(NCCNc3nc(-c4ccncn4)cc(=O)n3C)c3c(nc2c1)CCCC3,23000.0,4.638272163982407,4.638272163982407
Cn1c(NCCNc2c3c(nc4cc(Cl)ccc24)CCCC3)nc(-c2ccncc2F)cc1=O,160.0,6.795880017344075,6.795880017344075
CC(=O)Oc1cccc(C(=O)Nc2nnc(-c3ccccc3)s2)c1,3780.0,5.422508200162775,5.422508200162775
CC1(C)O[C@H]2[C@@H](O1)[C@@H](CNCCCCCCCCCNc1c3c(nc4ccccc14)CCCC3)O[C@@H]1OC(C)(C)O[C@@H]12,7.6,8.119186407719209,8.119186407719209
COc1cc2c(cc1OC)S(=O)(=O)C(CC1CCN(Cc3ccc(F)c(Cl)c3)CC1)C2,11.5,7.939302159646388,7.939302159646388
O=c1c(-c2ccc(OCCN3CCCCC3)cc2)coc2cc(OCCCCN3CCCCC3)ccc12,200.0,6.698970004336019,6.698970004336019
COc1ccc(-c2coc3cc(OCCNC4CCCCC4)ccc3c2=O)cc1,5000.0,5.301029995663981,5.301029995663981
COc1ccc(CCNCCCOc2cc(=O)oc3ccccc23)cc1OC,47070.0,4.327255801693401,4.327255801693401
N#Cc1ccc2[nH]cc(CCN3CCN(c4ccc(C(=O)CCC5CCN(Cc6ccoc6)CC5)cc4)CC3)c2c1,12.25,7.911863911299449,7.911863911299449
N#Cc1ccc2[nH]cc(CCCCN3CCN(c4ccc(C(=O)CCC5CCN(Cc6cccc(Cl)c6)CC5)cc4)CC3)c2c1,27.0,7.568636235841013,7.568636235841013
N#Cc1ccc2[nH]cc(CCCCN3CCN(c4ccc(C(=O)CCC5CCN(Cc6cccc(C(F)(F)F)c6)CC5)cc4)CC3)c2c1,294.0,6.531652669587842,6.531652669587842
CC1(C)O[C@H]2[C@@H](O1)[C@@H](CNCCCCCCCCCCNc1c3c(nc4ccccc14)CCCC3)O[C@@H]1OC(C)(C)O[C@@H]12,7.6,8.119186407719209,8.119186407719209
CCN(C)CCCOc1ccc2c(=O)c(-c3ccc(OC)cc3)coc2c1,22600.0,4.645891560852599,4.645891560852599
N#Cc1ccc2[nH]cc(CN3CCN(c4ccc(C(=O)CCC5CCN(Cc6ccoc6)CC5)cc4)CC3)c2c1,10.61,7.974284616098659,7.974284616098659
CC(CC(=O)Nc1nnc(-c2cccc(Cl)c2)s1)CC(C)(C)C,13730.0,4.8623294627632445,4.8623294627632445
C=C[C@@H]1[C@H]2C=C(C)C[C@]1(NC)c1ccc(=O)[nH]c1C2,2000.0,5.698970004336019,5.698970004336019
O=c1c(-c2ccc(OCCN3CCCCC3)cc2)coc2cc(OCCN3CCCCC3)ccc12,350.0,6.455931955649724,6.455931955649724
CC[C@@]1(c2cccc(O)c2)CCCCN(CCCCCCN2CCCC[C@@](CC)(c3cccc(O)c3)C2)C1,1220.0,5.913640169325252,5.913640169325252
O=c1cc(OCCCN2CCC(Cc3ccccc3)CC2)c2ccccc2o1,11440.0,4.941573975542995,4.941573975542995
O=C(Oc1cc(=O)oc2ccccc12)N1CCN(c2ccccc2)CC1,74790.0,4.126156466776564,4.126156466776564
N#Cc1ccc2c(CCCCN3CCN(c4ccc(C(=O)CCC5CCN(Cc6ccccc6)CC5)cc4)CC3)c[nH]c2c1,3.71,8.430626090384955,8.430626090384955
O=C(CCC1CCN(Cc2ccccc2)CC1)c1ccc(N2CCN(CCCCc3c[nH]c4ccc(Br)cc34)CC2)cc1,7.75,8.11069829749369,8.11069829749369
N#Cc1ccc2[nH]cc(CCN3CCN(c4ccc(C(=O)CCC5CCN(Cc6ccsc6)CC5)cc4)CC3)c2c1,2.56,8.59176003468815,8.59176003468815
Cn1c(NCCCCCCNc2c3c(nc4ccc(F)cc24)CCCC3)nc(-c2ccncc2)cc1=O,2417000.0,2.6167233495923496,2.6167233495923496
Cn1c(NCCCCCCCNc2c3c(nc4cc(Br)ccc24)CCCC3)nc(-c2ccncc2F)cc1=O,58100.0,4.235823867609669,4.235823867609669
Cn1c(NCCCCCCCNc2c3c(nc4ccccc24)CCCC3)nc(-c2ccncc2F)cc1=O,352000.0,3.453457336521869,3.453457336521869
N#Cc1ccc2[nH]cc(CCN3CCN(c4ccc5c(c4)CC(CC4CCN(Cc6ccccc6)CC4)C5=O)CC3)c2c1,8.7,8.060480747381382,8.060480747381382
Cc1ccc2[nH]cc(CCCCN3CCN(c4ccc(C(=O)CCC5CCN(Cc6ccccc6)CC5)cc4)CC3)c2c1,2.28,8.642065152999546,8.642065152999546
O=C(Oc1cccc(/C=C2\Cc3ccccc3C2=O)c1)c1ccccc1,34350.0,4.464073258604431,4.464073258604431
N#Cc1ccc2[nH]cc(CCCCN3CCN(c4ccc(C(=O)CCC5CCN(Cc6cccnc6)CC5)cc4)CC3)c2c1,7.98,8.09799710864927,8.09799710864927
O=C(Oc1cccc(/C=C2\Cc3ccccc3C2=O)c1)c1ccc([N+](=O)[O-])cc1,48820.0,4.31140222491883,4.31140222491883
N#Cc1ccc2[nH]cc(CN3CCN(c4ccc(C(=O)CCC5CCN(Cc6ccccc6)CC5)cc4)CC3)c2c1,6.43,8.191789027075778,8.191789027075778
N#Cc1ccc2[nH]cc(CCCCN3CCN(c4ccc5c(c4)CC(CC4CCN(Cc6ccccc6)CC4)C5=O)CC3)c2c1,5.84,8.233587152887601,8.233587152887601
N#Cc1ccc2[nH]cc(CCCCN3CCN(c4cccc5c4C(=O)C(CC4CCN(Cc6ccccc6)CC4)C5)CC3)c2c1,709.0,6.149353764816934,6.149353764816934
N#Cc1ccc2[nH]cc(CCCCN3CCN(c4ccc(C(=O)CCC5CCN(Cc6ccccc6)CC5)cc4)CC3)c2c1,2.29,8.640164517660113,8.640164517660113
O=C(CCC1CCN(Cc2ccccc2)CC1)c1ccc(N2CCN(CCCCc3c[nH]c4ccc(F)cc34)CC2)cc1,2.43,8.614393726401687,8.614393726401687
CC[N+](C)(CC)CCC[n+]1c(-c2ccccc2)c2cc(N)ccc2c2ccc(N)cc21,1100.0,5.958607314841775,5.958607314841775
CCN(CC)CCNS(=O)(=O)c1ccc(Oc2c(Cl)cccc2[N+](=O)[O-])cc1,2500.0,5.6020599913279625,5.6020599913279625
CCN(CC)CCNS(=O)(=O)c1ccccc1,31000.0,4.508638306165727,4.508638306165727
CCN(CC)CCNS(=O)(=O)Cc1ccc(C)cc1,49000.0,4.309803919971486,4.309803919971486
CCCCN[C@H](CNCCC1CCCCCC1)Cc1c[nH]c2ccccc12,12400.0,4.906578314837765,4.906578314837765
N#Cc1ccc2[nH]cc(CCCCN3CCN(c4ccc(C(=O)CCC5CCN(Cc6ccsc6)CC5)cc4)CC3)c2c1,3.01,8.521433504406156,8.521433504406156
N#Cc1ccc2[nH]cc(CCCCN3CCN(c4ccc(C(=O)CCC5CCN(Cc6cc[nH]c6)CC5)cc4)CC3)c2c1,3.94,8.404503778174426,8.404503778174426
N#Cc1ccc2[nH]cc(CCN3CCN(c4ccc(C(=O)CCC5CCN(Cc6cccnc6)CC5)cc4)CC3)c2c1,7.7,8.113509274827518,8.113509274827518
N#Cc1ccc2[nH]cc(CCCCN3CCN(c4ccc5oc(C(N)=O)cc5c4)CC3)c2c1,21300.0,4.671620396561262,4.671620396561262
CCCCN1CCC(CCC(=O)c2ccc(N3CCN(CCCCc4c[nH]c5ccc(C#N)cc45)CC3)cc2)CC1,123.5,6.9083330424043154,6.9083330424043154
N#Cc1ccc2[nH]cc(CCCCN3CCN(c4ccc(C(=O)CCC5CCN(CC6CC6)CC5)cc4)CC3)c2c1,366.1,6.436400271118469,6.436400271118469
N#Cc1ccc2[nH]cc(CCCCN3CCN(c4ccc(C(=O)CCC5CCN(CC6CCCCC6)CC5)cc4)CC3)c2c1,76.5,7.116338564846382,7.116338564846382
Cn1c(NCCNc2c3c(nc4ccccc24)CCCC3)nc(-c2ccncc2F)cc1=O,4980.0,5.302770657240282,5.302770657240282
Cn1c(NCCCCCNc2c3c(nc4ccccc24)CCCC3)nc(-c2ccncc2)cc1=O,400.0,6.3979400086720375,6.3979400086720375
Cn1c(NCCCCCCCNc2c3c(nc4cc(F)ccc24)CCCC3)nc(-c2ccncc2)cc1=O,123700.0,3.90763030037088,3.90763030037088
Cc1ccc2nc3c(c(NCCNc4nc(-c5ccncc5)cc(=O)n4C)c2c1)CCCC3,20000.0,4.698970004336019,4.698970004336019
Cn1c(NCCNc2c3c(nc4cc(Cl)ccc24)CCCC3)nc(-c2ccncn2)cc1=O,420.0,6.376750709602099,6.376750709602099
CCCCN(C)[C@@H](Cc1c[nH]c2ccccc12)CN(C)CCC1CCCCCC1,23400.0,4.6307841425898575,4.6307841425898575
CCCCN1CN(CCC2CCCCCC2)C[C@@H]1Cc1c[nH]c2ccccc12,11000.0,4.958607314841775,4.958607314841775
COc1ccc2[nH]cc(CCCCN3CCN(c4ccc(C(=O)CCC5CCN(Cc6ccccc6)CC5)cc4)CC3)c2c1,2.42,8.616184634019568,8.616184634019568
N#Cc1ccc2[nH]cc(CCCCN3CCN(c4ccc(C(=O)CCC5CCN(CC6CCCC6)CC5)cc4)CC3)c2c1,40.4,7.393618634889395,7.393618634889395
COc1ccc2c(NCCNc3nc(-c4ccncc4)cc(=O)n3C)c3c(nc2c1)CCCC3,8300.0,5.080921907623926,5.080921907623926
Cn1c(NCCNc2c3c(nc4ccc(Cl)cc24)CCCC3)nc(-c2ccncc2)cc1=O,10900.0,4.962573502059376,4.962573502059376
Cn1c(NCCNc2c3c(nc4cc(C(F)(F)F)ccc24)CCCC3)nc(-c2ccncc2)cc1=O,11300.0,4.94692155651658,4.94692155651658
Cn1c(NCCNc2c3c(nc4cc(F)ccc24)CCCC3)nc(-c2ccncn2)cc1=O,180.0,6.7447274948966935,6.7447274948966935
Cn1c(NCCCCCCNc2c3c(nc4cc(Cl)ccc24)CCCC3)nc(-c2ccncc2)cc1=O,53000.0,4.275724130399211,4.275724130399211
Cn1c(NCCCCCCNc2c3c(nc4cc(Br)ccc24)CCCC3)nc(-c2ccncc2F)cc1=O,70300.0,4.153044674980176,4.153044674980176
O=C1c2cc3c(cc2CN1CCC1CCN(Cc2ccccc2F)CC1)OCO3,483.0,6.316052869248487,6.316052869248487
CC1c2cc3c(cc2C(=O)N1CCC1CCN(Cc2ccccc2)CC1)OCO3,601.0,6.221125527997261,6.221125527997261
COc1cc2c(cc1OC)S(=O)(=O)C(CC1CCN(Cc3ccccc3F)CC1)C2,11.5,7.939302159646388,7.939302159646388
COc1cc2c(cc1OC)S(=O)(=O)C(CC1(F)CCN(Cc3ccccc3)CC1)C2,4.1,8.387216143280265,8.387216143280265
COc1cc2c(cc1OC)S(=O)(=O)C(CC1(F)CCN(Cc3cccc(F)c3)CC1)C2,5.1,8.292429823902063,8.292429823902063
Nc1c2c(nc3cc(Cl)ccc13)CCCC2,19.8,7.703334809738469,7.703334809738469
COc1ccc(-c2coc3cc(OCCCCN4CCCCC4)ccc3c2=O)cc1,3980.0,5.400116927926312,5.400116927926312
Cn1c(NCCCCCCCNc2c3c(nc4cc(Br)ccc24)CCCC3)nc(-c2ccncc2)cc1=O,39000.0,4.4089353929735005,4.4089353929735005
Cn1c(NCCCCCCCNc2c3c(nc4cc(Cl)ccc24)CCCC3)nc(-c2ccncc2)cc1=O,37500.0,4.425968732272281,4.425968732272281
CCN(CC)CCCOc1cc2ccc(=O)oc2cc1O,30530.0,4.515273195701338,4.515273195701338
O=c1ccc2cc(OCCN3CCCCC3)c(O)cc2o1,12160.0,4.915066425063284,4.915066425063284
N#Cc1ccc2[nH]cc(CCCCN3CCN(c4cccc(C(=O)CCC5CCN(Cc6ccccc6)CC5)c4)CC3)c2c1,37.95,7.420788219768501,7.420788219768501
N#Cc1ccc2[nH]cc(CCCCN3CCN(c4ccccc4C(=O)CCC4CCN(Cc5ccccc5)CC4)CC3)c2c1,2518.0,5.598944274228156,5.598944274228156
O=C(CCC1CCN(Cc2ccccc2)CC1)c1ccc(N2CCN(CCCCc3c[nH]c4cc(Cl)c(Cl)cc34)CC2)cc1,11.18,7.951558196449596,7.951558196449596
N#Cc1ccc2[nH]cc(CCCCN3CCN(c4ccc(C(=O)CCC5CCN(CC6CCC6)CC5)cc4)CC3)c2c1,249.2,6.603451962012868,6.603451962012868
C#CCN1CCC(CCC(=O)c2ccc(N3CCN(CCCCc4c[nH]c5ccc(C#N)cc45)CC3)cc2)CC1,1138.0,5.943857737940948,5.943857737940948
CCN(C)CCCCOc1ccc2c(=O)c(-c3ccc(OC)cc3)coc2c1,9470.0,5.023650020996726,5.023650020996726
O=C1c2cc3c(cc2C(=O)N1CCC1CCN(Cc2ccccn2)CC1)OCO3,161.0,6.79317412396815,6.79317412396815
O=C1c2cc3c(cc2C2(CC2)N1CCC1CCN(Cc2ccn[nH]2)CC1)OCO3,990.0,6.00436480540245,6.00436480540245
CC1(C)O[C@H]2O[C@H](NCCCCCCCNc3c4c(nc5ccccc35)CCCC4)[C@H](O)[C@H]2O1,8.7,8.060480747381382,8.060480747381382
CC1(C)O[C@H]2O[C@H](CNCCCCCCCCCCCNc3c4c(nc5ccccc35)CCCC4)[C@H](O)[C@H]2O1,2.2,8.657577319177793,8.657577319177793
N#Cc1ccc2[nH]cc(CCCCN3CCN(c4ccc5c(c4)C/C(=C\C4CCN(Cc6ccccc6)CC4)C5=O)CC3)c2c1,30.74,7.512296136836274,7.512296136836274
O=C(CCC1CCN(Cc2ccccc2)CC1)c1ccc(N2CCN(CCCCc3c[nH]c4ccccc34)CC2)cc1,1.51,8.821023052706831,8.821023052706831
O=C(CCC1CCN(Cc2ccccc2)CC1)c1ccc(N2CCN(CCCCc3c[nH]c4ccc(Cl)cc34)CC2)cc1,3.52,8.453457336521868,8.453457336521868
Cn1c(NCCNc2c3c(nc4ccccc24)CCCC3)nc(-c2ccncc2)cc1=O,1060.0,5.97469413473523,5.97469413473523
Cn1c(NCCNc2c3c(nc4cc(Cl)ccc24)CCCC3)nc(-c2ccncc2)cc1=O,490.0,6.309803919971486,6.309803919971486
COc1ccc2nc3c(c(NCCNc4nc(-c5ccncc5)cc(=O)n4C)c2c1)CCCC3,15700.0,4.804100347590766,4.804100347590766
Cc1ccc2c(NCCCCCCCNc3nc(-c4ccncc4F)cc(=O)n3C)c3c(nc2c1)CCCC3,174300.0,3.758702612890007,3.758702612890007
COc1cc2c(cc1OC)S(=O)(=O)C(CC1CCN(Cc3c(F)cc(F)cc3F)CC1)C2,128.0,6.892790030352131,6.892790030352131
COc1cc2c(cc1OC)S(=O)(=O)C(F)(CC1CCN(Cc3cccc(F)c3)CC1)C2,2.4,8.619788758288394,8.619788758288394
