Smiles,IC50 (nM),pIC50,y
C#CCN(N)c1ccccc1,11300.0,4.94692155651658,4.94692155651658
C=Cc1cccc2c1S(=O)(=O)c1ccccc1O2,40.0,7.3979400086720375,7.3979400086720375
NCc1ccncc1NCC1CCCCC1,95000.0,4.022276394711152,4.022276394711152
CC(O)c1cccc2c1S(=O)(=O)c1ccccc1O2,400.0,6.3979400086720375,6.3979400086720375
CC(=O)Nc1ccc2c(c1)oc1ccccc12,300.0,6.522878745280337,6.522878745280337
O=S1(=O)c2ccccc2Oc2cccc(C(O)CO)c21,1200.0,5.920818753952375,5.920818753952375
NCc1ccncc1NC1CCCCCC1,150000.0,3.8239087409443187,3.8239087409443187
Cn1c2ccccc2c2nnc(N)c(-c3ccccc3)c21,28200.0,4.549750891680639,4.549750891680639
CCn1c2ccccc2c2nnc(N)c(-c3ccc(C(C)C)cc3)c21,100000.0,4.0,4.0
Cc1ccc2c(c1)C(=O)c1ccc(-c3nnc(C)o3)cc1S2(=O)=O,2.0,8.698970004336019,8.698970004336019
C#CCNC(C)Cc1cccc(O)c1,830000.0,3.0809219076239263,3.0809219076239263
C#CCN(C)C(C)Cc1cccc(OC(=O)N(C)C)c1,120.0,6.920818753952375,6.920818753952375
C#CCN(C)[C@@H]1CCc2ccccc21,3.0,8.522878745280337,8.522878745280337
O=S1(=O)c2ccccc2Oc2cccc(I)c21,50.0,7.301029995663981,7.301029995663981
O=C1c2ccccc2-c2nnc3c(c21)CCc1ccccc1-3,50000.0,4.301029995663981,4.301029995663981
Cc1c(C)c2ccc(OCc3cccc(O)c3)cc2oc1=O,416.87,6.3799993576999325,6.3799993576999325
S=C(Nc1ccccc1)N1NC2=C(CCCC2)C1c1cccs1,700.0,6.154901959985743,6.154901959985743
C#CCN(C)CCCOc1ccc(Cl)cc1Cl,2050.0,5.688246138944246,5.688246138944246
Cc1ccc(C(=O)NCCN2CCOCC2)cn1,86000.0,4.0655015487564325,4.0655015487564325
O=C(NCCN1CCOCC1)c1cnc(Cl)c(Cl)c1,84.0,7.075720713938118,7.075720713938118
O=C(NCCN1CCOCC1)c1cncc(Br)c1,26000.0,4.585026652029182,4.585026652029182
Cc1c(C)c2ccc(OCc3cc(C4CC4)on3)cc2oc1=O,7000.0,5.154901959985743,5.154901959985743
Cc1c(C)c2ccc(OC[C@H](O)c3ccccc3)cc2oc1=O,3235.94,5.489999539566098,5.489999539566098
CCOC(=O)/C=C/C=C/c1ccc2c(c1)OCO2,7550.0,5.1220530483708115,5.1220530483708115
O=c1cc(CCO)c2ccc(OCc3cccc(Cl)c3)cc2o1,4677.35,5.330000131185909,5.330000131185909
Cn1c(N2N=C(c3ccc(Cl)cc3)CC2c2ccco2)nc2ccccc2c1=O,450240.0,3.346555924245348,3.346555924245348
Cc1c(C)c2ccc(OCc3cccc(N)c3)cc2oc1=O,1000.0,6.0,6.0
CCN(CC)C(=O)/C=C/C=C/c1ccc2c(c1)OCO2,3820.0,5.4179366370882915,5.4179366370882915
OCCCCn1nnc(-c2ccc(-c3ccccc3)cc2)n1,13000.0,4.886056647693163,4.886056647693163
COc1ccc(S(=O)(=O)Oc2ccc3c(C)c(C)c(=O)oc3c2)cc1,70.79,7.15002808767115,7.15002808767115
CNc1cncc(N(C)C)c1CN,44000.0,4.356547323513812,4.356547323513812
O=S1(=O)c2ccccc2Oc2cccc(CO)c21,140.0,6.853871964321762,6.853871964321762
O=S1(=O)c2ccccc2Oc2cccc(Br)c21,60.0,7.221848749616356,7.221848749616356
N#Cc1ccc(-c2cc3c(nn2)-c2ccccc2C3=O)cc1,25000.0,4.6020599913279625,4.6020599913279625
OCCn1nnc(-c2ccc(-c3ccccc3)cc2)n1,11000.0,4.958607314841775,4.958607314841775
Cc1ccc(COc2ccc3c(C)c(C)c(=O)oc3c2)cc1,3715.35,5.430000267796054,5.430000267796054
C#CCN(Cc1ccc(O)c2ncccc12)C(C#N)CCC1CCN(Cc2ccccc2)CC1,3800.0,5.42021640338319,5.42021640338319
N#CCCn1nnc(-c2ccc([N+](=O)[O-])cc2)n1,18000.0,4.7447274948966935,4.7447274948966935
Cc1c(C)c2cc(OCc3ccccc3)c(O)cc2oc1=O,112201.85,3.949999982311873,3.949999982311873
COc1ccc(COc2ccc(-c3nn(CCC#N)c(=O)o3)cc2)cc1,16000.0,4.795880017344075,4.795880017344075
CCN(C)C(=O)Oc1ccc2c(c1)C(N)CC2,12900.0,4.889410289700751,4.889410289700751
CCCOc1ccc2sc3cc(-c4nnc(C)o4)ccc3c(=O)c2c1,60.0,7.221848749616356,7.221848749616356
NNc1nc2ccccc2nc1Cc1ccc(Cl)cc1,2.1,8.67778070526608,8.67778070526608
O=S1(=O)c2ccccc2Oc2ccc(C3=NCCN3)cc21,40.0,7.3979400086720375,7.3979400086720375
c1cc2c(cc1C1=NCCN1)Sc1cc(C3=NCCN3)ccc1O2,1000.0,6.0,6.0
CN(C)C(=O)Oc1cccc2c1CCC2N,9800.0,5.008773924307505,5.008773924307505
CCCOc1ccc2c(c1)C(=O)c1ccc(-c3nnn(C)n3)cc1S2(=O)=O,2.0,8.698970004336019,8.698970004336019
COc1cc(OC)c(CC(C)N)cc1Br,13000.0,4.886056647693163,4.886056647693163
O=C(NCCN1CCOCC1)c1ccc(Cl)nc1,180.0,6.7447274948966935,6.7447274948966935
CC(=O)Oc1ccc(/C=C/C=C/C(=O)N2CCCCC2)cc1OC(C)=O,1280.0,5.892790030352131,5.892790030352131
CCN(CCCCCOc1ccc2c(C)c(C)c(=O)oc2c1)Cc1ccccc1,9500.0,5.022276394711152,5.022276394711152
Cc1c(C)c2ccc(OCCCCCNCc3ccccc3)cc2oc1=O,2200.0,5.657577319177793,5.657577319177793
Cc1c(C)c2ccc(OCCCCN(C)Cc3ccccc3)cc2oc1=O,6600.0,5.180456064458132,5.180456064458132
C#CCN(C)Cc1cc2cc(OCCCC3CCN(Cc4ccccc4)CC3)ccc2n1C,5.2,8.2839966563652,8.2839966563652
C#CCN(C)Cc1cc2cc(OCc3ccccc3)ccc2n1C,100.0,7.0,7.0
COc1ccc(/C=C/C(=N/Nc2nc3ccccc3c(=O)n2C)c2ccccc2)cc1OC,68010.0,4.16742722515382,4.16742722515382
COc1ccc(C2=NN(c3nc4ccccc4c(=O)n3C)C(c3cccs3)C2)cc1,439930.0,3.3566164213143135,3.3566164213143135
Cc1ccc(C(/C=C/c2cccs2)=N\Nc2nc3ccccc3c(=O)n2C)cc1,33160.0,4.479385478121764,4.479385478121764
COc1ccc(C(/C=C/c2cccs2)=N\Nc2nc3ccccc3c(=O)n2C)cc1,27180.0,4.565750547603525,4.565750547603525
Cn1c(N/N=C(/C=C/c2cccc(Cl)c2)c2ccccc2)nc2ccccc2c1=O,468000.0,3.329754146925876,3.329754146925876
Cc1cccc(COc2ccc3c(C)c(C)c(=O)oc3c2)c1,3311.31,5.480000159330324,5.480000159330324
N#CCCN1N=C(c2ccc(OCc3ccc([N+](=O)[O-])cc3)cc2)OCC1=O,2000.0,5.698970004336019,5.698970004336019
Cc1c(C)c2ccc(OCc3ccc(F)cc3)cc2oc1=O,123.03,6.909988975992853,6.909988975992853
CNC(=O)Cc1cc(=O)oc2cc(OCc3cccc(Cl)c3)ccc12,500.0,6.301029995663981,6.301029995663981
C#CCN(C)C1CCc2ccc(O)cc21,15.0,7.823908740944319,7.823908740944319
CCCN(C)C(=O)Oc1cccc(CCN)c1,240000.0,3.619788758288394,3.619788758288394
O=C(NCCN1CCOCC1)c1ccc(Cl)cc1,10700.0,4.97061622231479,4.97061622231479
Cc1c(C)c2ccc(S(=O)(=O)Cc3ccccc3)cc2oc1=O,18620.87,4.730000031873875,4.730000031873875
Cc1c(C)c2ccc(OCC(O)c3ccccc3)cc2oc1=O,10000.0,5.0,5.0
CSc1ccc(CC(C)N)cc1,200.0,6.698970004336019,6.698970004336019
O=C(NCCCN1CCOCC1)c1cnccc1Cl,7500.0,5.1249387366083,5.1249387366083
O=C(NCCCN1CCOCC1)c1cncc(Br)c1,23000.0,4.638272163982407,4.638272163982407
O=C(NCCCN1CCOCC1)c1ccc(F)nc1,80000.0,4.096910013008056,4.096910013008056
C#CCN[C@@H]1CCc2ccccc21,412.0,6.3851027839668655,6.3851027839668655
Cc1c(C)c2ccc(OCCCCCN(C)Cc3cccc(C#N)c3)cc2oc1=O,5300.0,5.275724130399211,5.275724130399211
Nc1ccc(-c2cc3c(nn2)-c2ccccc2C3=O)cc1,36800.0,4.434152181326482,4.434152181326482
N#CCCn1nc(-c2ccc(OCc3ccc([N+](=O)[O-])cc3)cc2)oc1=O,11000.0,4.958607314841775,4.958607314841775
COc1cccc(COc2ccc(C3=NN(CCC#N)C(=O)CO3)cc2)c1,32000.0,4.494850021680094,4.494850021680094
C#CCN(C)CCCC,98000.0,4.008773924307505,4.008773924307505
C#CCN(C)C(C)CCCCCCCCCC,1900.0,5.721246399047171,5.721246399047171
O=C(c1ccccc1)c1c(-c2ccccc2)nnc2c1C(=O)c1ccccc1-2,10000.0,5.0,5.0
Cc1c(C)c2ccc(OS(=O)(=O)c3ccccc3)cc2oc1=O,24.0,7.619788758288394,7.619788758288394
O=C1c2ccccc2-c2nnc3ccccc3c21,1000.0,6.0,6.0
COc1ccccc1-c1cc2c(nn1)-c1ccccc1C2=O,50000.0,4.301029995663981,4.301029995663981
COc1cccc(COc2ccc(-c3nnn(CCO)n3)cc2)c1,80000.0,4.096910013008056,4.096910013008056
COc1ccc(-c2nnn(CCC#N)n2)cc1,16600.0,4.779891911959945,4.779891911959945
CNC(=O)c1ccc2c(c1)C(Cl)c1ccccc1C2Cl,130.0,6.886056647693163,6.886056647693163
Cc1ccc(-c2c3nc4ccccc4c-3n[nH]c2N)cc1,31600.0,4.500312917381596,4.500312917381596
CN1C(C(=O)N/N=C/c2cccc(Cl)c2)=C(O)c2ccccc2S1(=O)=O,29800.0,4.525783735923745,4.525783735923745
CN1C(C(=O)N/N=C/c2ccc(Cl)cc2)=C(O)c2ccccc2S1(=O)=O,6120.0,5.213248577854439,5.213248577854439
COC(=O)C1=C(O)c2ccccc2S(=O)(=O)N1C,26600.0,4.575118363368933,4.575118363368933
O=C(N/N=C/c1ccccc1)C1=C(O)c2ccccc2S(=O)(=O)N1,1910.0,5.718966632752273,5.718966632752273
O=C1OCc2ccc(OCc3ccccc3)cc21,3600.0,5.443697499232712,5.443697499232712
CC(=O)Nc1ccc2c(c1)S(=O)(=O)c1ccccc1O2,14.0,7.853871964321762,7.853871964321762
O=C1c2ccccc2-c2nncc(-c3ccc(Cl)cc3)c21,30800.0,4.511449283499555,4.511449283499555
O=C(OCc1ccc2ccc(=O)oc2c1)c1ccccc1,9549.93,5.019999811738259,5.019999811738259
O=c1[nH]c(=O)c2cc(-c3ccccc3)nnc2[nH]1,16400.0,4.785156151952302,4.785156151952302
CN(C)CCc1cc(=O)oc2cc(OCc3ccccc3)ccc12,25900.0,4.586700235918748,4.586700235918748
CCOc1ccc(/C=C/C(=N/Nc2nc3ccccc3c(=O)n2C)c2ccccc2)cc1,29000.0,4.5376020021010435,4.5376020021010435
CN1C(C(=O)NN=C2CCCC2)=C(O)c2ccccc2S1(=O)=O,380.0,6.42021640338319,6.42021640338319
Cc1ccc(/C=N/NC(=O)C2=C(O)c3ccccc3S(=O)(=O)N2C)cc1,4850.0,5.314258261397736,5.314258261397736
COC(=O)CN1C(=O)c2ccccc2S1(=O)=O,1110.0,5.954677021213342,5.954677021213342
C/C(=N\NC(=O)C1=C(O)c2ccccc2S(=O)(=O)N1Cc1ccccc1)c1ccc(Cl)cc1,330.0,6.481486060122113,6.481486060122113
O=C1c2ccccc2-c2nnc(-c3cccc(Br)c3)cc21,1000.0,6.0,6.0
O=C1c2ccccc2-c2nnc(-c3ccc(C(F)(F)F)cc3)cc21,1000.0,6.0,6.0
N#CCCn1nc(-c2ccc(OCc3cccc(Cl)c3)cc2)oc1=S,11000.0,4.958607314841775,4.958607314841775
CCN(C)C(=O)Oc1ccc2c(c1)C(N)CCC2,1000000.0,3.0,3.0
Cc1ccc2c(c1)C(=O)c1ccc(C3=NCCN3)cc1S2(=O)=O,20.0,7.698970004336019,7.698970004336019
CNC(=O)c1ccc2c(c1)Oc1ccccc1S2(=O)=O,600.0,6.221848749616356,6.221848749616356
Cc1c(C)c2ccc(OCc3ccc([N+](=O)[O-])cc3)cc2oc1=O,831.76,6.0800019690359814,6.0800019690359814
CNC(=O)/C=C1/COc2c1ccc(OS(=O)(=O)c1ccccc1)c2C,9.8,8.008773924307505,8.008773924307505
CNC(=O)/C=C1/COc2cc(OS(=O)(=O)c3cccc(Cl)c3)ccc21,41.0,7.3872161432802645,7.3872161432802645
C#CCN(C)C(C)CCCCCCCC,3900.0,5.4089353929735005,5.4089353929735005
CC(=O)c1ccc2c(c1)S(=O)(=O)c1ccccc1O2,1000.0,6.0,6.0
COc1ccc2c(C)c(C)c(=O)oc2c1,71.0,7.1487416512809245,7.1487416512809245
C#CCN(C)CCCCC,120000.0,3.9208187539523753,3.9208187539523753
COc1cccc(COc2ccc(-c3nn(CCC#N)c(=O)o3)cc2)c1,19000.0,4.721246399047171,4.721246399047171
C#CCN[C@@H]1CCc2ccc(O)cc21,300.0,6.522878745280337,6.522878745280337
CN(C)C(=O)Oc1cccc2c1CCC2N(C)C,10000.0,5.0,5.0
CNC(=O)c1ccc2c(c1)Sc1ccccc1O2,20.0,7.698970004336019,7.698970004336019
O=C(NCCCN1CCOCC1)c1ccc(O)nc1,56000.0,4.251811972993799,4.251811972993799
c1ccc(COc2ccc3c(c2)OCC3)cc1,39810.72,4.399999967876858,4.399999967876858
Cc1c(C)c2ccc(OCc3cccc([N+](=O)[O-])c3)cc2oc1=O,75.86,7.119987161633229,7.119987161633229
CC(C)c1ccc(/C=N/NC(=O)C2=C(O)c3ccccc3S(=O)(=O)N2Cc2ccccc2)cc1,5070.0,5.2949920406666635,5.2949920406666635
CCN(CCCOc1ccc2c(C)c(C)c(=O)oc2c1)Cc1ccccc1,7400.0,5.130768280269024,5.130768280269024
O=[N+]([O-])CC(O)c1cccc2c1S(=O)(=O)c1ccccc1O2,200.0,6.698970004336019,6.698970004336019
O=C(/C=C/C=C/c1ccc2c(c1)OCO2)N1CCCCC1,404.0,6.393618634889395,6.393618634889395
CNC(=O)c1ccc2c(c1)Sc1ccccc1N2,200.0,6.698970004336019,6.698970004336019
Cc1cc(=O)c2cc(OCc3ccccc3)ccc2o1,21877.62,4.659999925349902,4.659999925349902
O=S1(=O)c2ccccc2Oc2cccc(CCO)c21,20.0,7.698970004336019,7.698970004336019
Cc1cccc2c1S(=O)(=O)c1ccccc1C2=O,60.0,7.221848749616356,7.221848749616356
CC(=O)Nc1ccc2c(c1)C(O)c1ccccc1-2,300.0,6.522878745280337,6.522878745280337
COc1ccc2c(c1)C(=O)c1ccc(C3=NCCN3)cc1S2(=O)=O,10.0,8.0,8.0
CC(=O)Nc1ccc2c(c1)C(=O)c1ccccc1S2(=O)=O,120.0,6.920818753952375,6.920818753952375
NC(=S)N1N=C(c2ccccc2O)CC1c1ccc(O)cc1,466200.0,3.331427730815442,3.331427730815442
COc1ccc(NC(=S)N2N=C(c3ccc(O)cc3O)CC2c2ccc(O)c(OC)c2)cc1,53360.0,4.2727841790915075,4.2727841790915075
COc1ccccc1NC(=S)N1N=C(c2ccccc2O)CC1c1ccc(O)cc1,150600.0,3.822175028135318,3.822175028135318
COc1ccccc1NC(=S)N1N=C(c2ccc(O)cc2O)CC1c1ccc(O)cc1,147800.0,3.8303255659411932,3.8303255659411932
CC(=O)Nc1ccc2c(c1)-c1ccccc1S2(=O)=O,260.0,6.585026652029182,6.585026652029182
O=S1(=O)c2ccccc2Oc2cccc(C(F)(F)F)c21,80.0,7.096910013008056,7.096910013008056
CCc1ccc2c(c1)C(=O)c1ccc(C3=NCCN3)cc1S2(=O)=O,10.0,8.0,8.0
O=c1ccc2ccc(OCc3ccc(CCNCc4ccccc4)cc3)cc2o1,1700.0,5.769551078621726,5.769551078621726
COc1ccc(CC(C)N)cc1OC,20000.0,4.698970004336019,4.698970004336019
C[C@@H](NCc1ccc(OCc2cccc(F)c2)cc1)C(N)=O,42000.0,4.376750709602099,4.376750709602099
C[C@H](NCc1ccc(OCc2ccccc2)cc1)C(N)=O,101000.0,3.9956786262173574,3.9956786262173574
C[C@H](C(N)=O)N1CCc2cc(OCc3cccc(F)c3)ccc2C1,50000.0,4.301029995663981,4.301029995663981
Cn1c(=S)[nH]c2ccccc2c1=O,3420.0,5.465973893943865,5.465973893943865
O=c1cc(CO)c2ccc(OCc3cccc(Cl)c3)cc2o1,10232.93,4.989999996723885,4.989999996723885
N#CCCCCn1nnc(-c2ccc(-c3ccccc3)cc2)n1,26000.0,4.585026652029182,4.585026652029182
Cc1cccc(COc2ccc(-c3nn(CCC#N)c(=O)o3)cc2)c1,20000.0,4.698970004336019,4.698970004336019
CNC(=O)c1ccc2c(c1)S(=O)(=O)c1ccc(N(C)C)cc1C2=O,30.0,7.522878745280337,7.522878745280337
Cc1c(C)c2ccc(OCc3ccc(C#N)cc3)cc2oc1=O,100.0,7.0,7.0
O=c1oc(-c2ccc(OCc3ccccc3)cc2)nn1CCO,140000.0,3.853871964321762,3.853871964321762
N#CCCn1nc(-c2ccc(OCc3ccc(Cl)cc3)cc2)oc1=O,3300.0,5.481486060122113,5.481486060122113
Cc1c(C)c2cc(O)c(OCc3ccccc3)cc2oc1=O,9332.54,5.030000139977383,5.030000139977383
N#CCCN1N=C(c2ccc(OCc3cccc(Cl)c3)cc2)OCC1=O,13000.0,4.886056647693163,4.886056647693163
O=c1ccoc2ccc(OCc3ccccc3)cc12,6760.83,5.169999984192581,5.169999984192581
Cc1c(C)c2ccc(OCc3ccccc3)cc2oc1=O,691.83,6.160000609491408,6.160000609491408
CC(C)c1ccc2c(c1)C(=O)c1ccc(C(N)=O)cc1S2(=O)=O,700.0,6.154901959985743,6.154901959985743
N#CCCn1nc(-c2ccc(OCc3ccccc3)cc2)sc1=O,45000.0,4.346787486224656,4.346787486224656
OCCn1nnc(-c2ccc(OCc3ccccc3Cl)cc2)n1,88000.0,4.055517327849831,4.055517327849831
CN1C(C(=O)N/N=C/c2ccccc2O)=C(O)c2ccccc2S1(=O)=O,11400.0,4.943095148663527,4.943095148663527
CCCCCS(=O)(=O)Oc1ccc2c(C)c(C)c(=O)oc2c1,16.0,7.795880017344075,7.795880017344075
CCCCOc1ccc(-c2cc3c(nn2)-c2ccccc2C3=O)cc1,10000.0,5.0,5.0
O=C1c2ccccc2-c2nnc(-c3cccs3)cc21,1000.0,6.0,6.0
O=C1c2ccccc2-c2nncc(-c3ccccc3)c21,34300.0,4.464705879957229,4.464705879957229
O=C1c2ccccc2-c2nnc(C(F)(F)F)cc21,25000.0,4.6020599913279625,4.6020599913279625
O=C1c2ccccc2-c2nnc(-c3ccccc3O)cc21,1000.0,6.0,6.0
CC(=O)Nc1ccc2c(c1)S(=O)(=O)c1ccccc1C2=O,60.0,7.221848749616356,7.221848749616356
CC(=O)Nc1ccc2c3ccccc3n(C)c2c1,30.0,7.522878745280337,7.522878745280337
CNC(=O)/C=C1/COc2c1ccc(OS(=O)(=O)CCC(F)(F)F)c2C,11.0,7.958607314841775,7.958607314841775
CNC(=O)/C=C1/COc2cc(OS(=O)(=O)c3ccc(S(C)(=O)=O)cc3)ccc21,19.0,7.721246399047171,7.721246399047171
COc1ccc2c(c1)C(=O)c1ccc(-c3nnc(C)o3)cc1S2(=O)=O,1.0,9.0,9.0
COC(C)c1cccc2c1S(=O)(=O)c1ccccc1O2,2000.0,5.698970004336019,5.698970004336019
O=C(NCCN1CCOCC1)c1ccc(O)nc1,430.0,6.366531544420414,6.366531544420414
CCc1cccc2c1S(=O)(=O)c1ccccc1O2,70.0,7.154901959985743,7.154901959985743
NC(=O)[C@H](CO)NCc1ccc(OCc2cccc(F)c2)cc1,100000.0,4.0,4.0
N#CCCn1nc(-c2ccc(OCc3ccc(Cl)cc3)cc2)oc1=S,2700.0,5.568636235841013,5.568636235841013
N#CCCCCCCn1nnc(-c2ccc(-c3ccccc3)cc2)n1,46000.0,4.337242168318426,4.337242168318426
COc1cc(-c2cc3c(nn2)-c2ccccc2C3=O)ccc1O,10000.0,5.0,5.0
C[C@H](NCc1ccc(OCc2cccc(F)c2)cc1)C(N)=O,580000.0,3.2365720064370627,3.2365720064370627
Cc1ncc2c(n1)C(=O)c1ccccc1-2,47100.0,4.326979092871104,4.326979092871104
c1ccc(-c2ncc3c(n2)-c2ccccc2C3)cc1,18000.0,4.7447274948966935,4.7447274948966935
O=C1c2ccccc2-c2ncnc(-c3ccccc3)c21,21600.0,4.665546248849069,4.665546248849069
N#CCCN1N=C(c2ccc(OCc3ccccc3)cc2)OCC1=O,160000.0,3.795880017344075,3.795880017344075
CNC(=O)c1ccc2c(c1)S(=O)(=O)c1ccc(C(C)O)cc1C2=O,10.0,8.0,8.0
Cc1cccc(COc2ccc(-c3nn(CCC#N)c(=S)o3)cc2)c1,14000.0,4.853871964321762,4.853871964321762
Cc1c(C)c2ccc(OCCc3ccccc3)cc2oc1=O,1000.0,6.0,6.0
NC(=O)[C@@H](CO)NCc1ccc(OCc2cccc(Cl)c2)cc1,100000.0,4.0,4.0
COc1ccc(NC(=S)N2N=C(c3ccccc3O)CC2c2ccc(O)c(OC)c2)cc1,48900.0,4.31069114087638,4.31069114087638
COc1ccc(NC(=S)N2N=C(c3ccc(O)cc3O)CC2c2ccc(O)cc2)cc1,69550.0,4.157702865671935,4.157702865671935
CCc1ccc2c(c1)Oc1ccccc1[S+]2[O-],300.0,6.522878745280337,6.522878745280337
COc1cc(SC)c(OC)cc1CC(C)N,5200.0,5.2839966563652006,5.2839966563652006
c1ccc2c(c1)Oc1ccc(C3=NCCN3)cc1S2,100.0,7.0,7.0
CNc1cncc(NC)c1CN,170000.0,3.769551078621726,3.769551078621726
C#CCN(C)C1CCc2c(OC(=O)N(C)CC)cccc21,27.0,7.568636235841013,7.568636235841013
Cc1c(C)c2ccc(/C=C/c3ccccc3)cc2oc1=O,407.38,6.390000296157769,6.390000296157769
Cc1c(C)c2ccc(OCc3cccc(F)c3)cc2oc1=O,575.44,6.2399999527072705,6.2399999527072705
Cc1ccc(S(=O)(=O)Oc2ccc3c(C)c(C)c(=O)oc3c2)cc1,46.77,7.3300326300914955,7.3300326300914955
NC(=O)CNc1cc(=O)oc2cc(OCc3cccc(Cl)c3)ccc12,95.5,7.019996628416254,7.019996628416254
O=c1c2ccccc2sc2ccccc12,600.0,6.221848749616356,6.221848749616356
O=c1cc(-c2ccccc2)oc2ccc(OCc3ccccc3)cc12,1000000.0,3.0,3.0
CNCc1cc(=O)oc2cc(OCc3cccc(Cl)c3)ccc12,5888.44,5.229999745811777,5.229999745811777
C#CCN(N)CCc1ccccc1,2040.0,5.690369832574101,5.690369832574101
OCc1ccc(-c2ccc(C3=NCCN3)o2)cc1,1200.0,5.920818753952375,5.920818753952375
COc1nc(-c2ccc3c(c2)S(=O)(=O)c2ccccc2C3=O)no1,80.0,7.096910013008056,7.096910013008056
CCCNC(=S)N1N=C(c2ccc(OC)cc2)CC1c1ccc[nH]1,409000.0,3.388276691992658,3.388276691992658
Cc1ccc(C2=NN(C(=S)Nc3ccccc3)C(c3ccc[nH]3)C2)cc1,300180.0,3.522618246732947,3.522618246732947
C#CCNCCc1cccc(OC(=O)N(C)CC)c1,2600.0,5.585026652029182,5.585026652029182
C#CCN(C)[C@H]1CCc2ccccc21,70.0,7.154901959985743,7.154901959985743
CCc1ccc2c(c1)S(=O)(=O)c1cc(NC(C)=O)ccc1C2=O,10.0,8.0,8.0
Cc1nnc(-c2ccc3c(c2)S(=O)(=O)c2ccccc2C3=O)o1,2.0,8.698970004336019,8.698970004336019
CCOc1ccc(/C=N/NC(=O)C2=C(O)c3ccccc3S(=O)(=O)N2Cc2ccccc2)cc1,28300.0,4.548213564475709,4.548213564475709
CNC(=O)Oc1ccc2c(c1)S(=O)(=O)c1ccccc1O2,200.0,6.698970004336019,6.698970004336019
Cc1c(C)c2ccc(OCc3cccc(C#N)c3)cc2oc1=O,218.78,6.659992382003327,6.659992382003327
COc1ccc(COc2ccc(C3=NN(CCC#N)C(=O)CO3)cc2)cc1,45000.0,4.346787486224656,4.346787486224656
COc1cc(Br)c(CC(C)N)cc1OC,9300.0,5.031517051446065,5.031517051446065
Cn1c2ccccc2c2nnc(N)c(-c3cccc(Br)c3)c21,63100.0,4.199970640755866,4.199970640755866
CNC(=O)/C=C1/COc2cc(OS(=O)(=O)c3ccc([N+](=O)[O-])cc3)ccc21,37.0,7.431798275933005,7.431798275933005
CNC(=O)Cc1coc2cc(OS(=O)(=O)c3cccc(Cl)c3)ccc12,409.0,6.388276691992658,6.388276691992658
CNC(=O)/C=C1/COc2cc(OS(=O)(=O)c3ccc(Cl)s3)ccc21,16.0,7.795880017344075,7.795880017344075
O=C(NCCO)c1ccc(Cl)cc1,3120.0,5.505845405981558,5.505845405981558
COC(=O)CCCCCNC(=O)c1ccc(NC(=O)C(=O)c2ccccc2NC(C)=O)cc1,930000.0,3.0315170514460648,3.0315170514460648
N#CCCn1nc(-c2ccc(OCc3ccccc3)cc2)sc1=S,160000.0,3.795880017344075,3.795880017344075
CCCNC(=S)N1N=C(c2ccc(C)cc2)CC1c1ccc[nH]1,369160.0,3.432785362685112,3.432785362685112
O=S1(=O)c2ccccc2Oc2cccc(CBr)c21,100.0,7.0,7.0
N#CCCn1nnc(-c2ccc(-c3ccccc3)cc2)n1,7800.0,5.107905397309519,5.107905397309519
COc1ccc(COc2ccc(-c3nn(CCC#N)c(=S)o3)cc2)cc1,4800.0,5.318758762624412,5.318758762624412
CC(=O)N[C@H]1CC(=O)N(c2ccc(OCc3cccc(F)c3)cc2)C1,7700.0,5.113509274827518,5.113509274827518
CCc1cccc2c1S(=O)(=O)c1ccccc1C2=O,400.0,6.3979400086720375,6.3979400086720375
Cc1cccc2c1S(=O)(=O)c1c(C)cccc1C2=O,300.0,6.522878745280337,6.522878745280337
CNC(=S)N1N=C(c2ccc(OC)cc2)CC1c1ccc[nH]1,430230.0,3.366299309475764,3.366299309475764
O=c1ccc2cc(OCc3ccccc3)c(O)cc2o1,23442.29,4.629999965785961,4.629999965785961
N#Cc1ccc2c(c1)S(=O)(=O)c1ccccc1O2,200.0,6.698970004336019,6.698970004336019
COc1cc(CNC(=O)c2ccc3c(c2)S(=O)(=O)c2ccccc2C3=O)cc(OC)c1OC,500.0,6.301029995663981,6.301029995663981
CCCOc1ccc2c(c1)C(=O)c1ccc(C(=O)NC)cc1S2(=O)=O,2.0,8.698970004336019,8.698970004336019
N=C(N)c1ccc2c(c1)Cc1ccccc1-2,300.0,6.522878745280337,6.522878745280337
c1ccc2c(c1)Sc1ccc(C3=NCCN3)cc1S2,300.0,6.522878745280337,6.522878745280337
Nc1[nH]nc2c3ccccc3nc-2c1-c1ccccc1F,631000.0,3.1999706407558657,3.1999706407558657
NC(=O)Cc1cc(=O)oc2cc(OCc3cccc(F)c3)ccc12,70000.0,4.154901959985743,4.154901959985743
CN(C)Cc1cc(=O)oc2cc(OCc3ccccc3)ccc12,100000.0,4.0,4.0
CCSc1cc(OC)c(CC(CC)NC)cc1OC,4500.0,5.346787486224656,5.346787486224656
O=C(/C=C/C=C/c1ccc(O)c(O)c1)N1CCCCC1,800.0,6.096910013008056,6.096910013008056
c1ccc(-c2ncc3c(n2)Cc2ccccc2-3)cc1,16700.0,4.777283528852417,4.777283528852417
c1ccc2c(c1)CCc1c-2[nH]c2ccccc12,12000.0,4.920818753952375,4.920818753952375
CCNC(=S)N1N=C(c2ccc(OC)cc2)CC1c1ccc[nH]1,400000.0,3.3979400086720375,3.3979400086720375
CCNC(=S)N1N=C(c2ccc(C)cc2)CC1c1ccc[nH]1,329160.0,3.4825929463478458,3.4825929463478458
Cn1c(N2N=C(c3ccccc3)CC2c2ccc(Br)cc2)nc2ccccc2c1=O,1680.0,5.774690718274137,5.774690718274137
COCCOC(=O)COc1ccc2c(c1)C(=O)c1ccccc1S2(=O)=O,1000.0,6.0,6.0
C=CCNc1ccc2c(c1)C(=O)c1ccc(C3=NCCN3)cc1S2(=O)=O,9.0,8.045757490560675,8.045757490560675
Cc1nnc(COc2ccc3c(C)c(C)c(=O)oc3c2)o1,5600.0,5.251811972993799,5.251811972993799
O=C1c2ccccc2-c2nnc(-c3ccc(N4CCCCC4)cc3)cc21,1000.0,6.0,6.0
O=C1c2ccccc2-c2cnc(-c3ccccc3)nc21,2370.0,5.6252516539898965,5.6252516539898965
CNC(=O)c1ccc2c(=O)c3ccccc3sc2c1,500.0,6.301029995663981,6.301029995663981
CCCCNC(=O)CCCCc1ccc2c(c1)OCO2,16080.0,4.793713955587568,4.793713955587568
CN(C)Cc1cc(=O)oc2cc(OCc3cccc(Cl)c3)ccc12,50800.0,4.294136287716081,4.294136287716081
CCNC(=O)/C=C1/COc2cc(OS(=O)(=O)c3cccc(Cl)c3)ccc21,4200.0,5.376750709602099,5.376750709602099
CNC(=O)/C=C1/COc2c1ccc(OS(=O)(=O)c1ccc(C#N)cc1)c2C,15.0,7.823908740944319,7.823908740944319
Oc1ccccc1C1=NN(C(=S)Nc2ccccc2)C(c2ccccc2Cl)C1,20050.0,4.697885623043799,4.697885623043799
Oc1ccccc1C1=NN(C(=S)Nc2ccccc2)C(c2ccccc2O)C1,58100.0,4.235823867609669,4.235823867609669
CC(=O)NCCNC(=O)c1ccc2c(c1)Oc1ccccc1S2(=O)=O,300.0,6.522878745280337,6.522878745280337
CNC(=O)c1ccc2c(c1)S(=O)(=O)c1ccc(C)cc1C2=O,8.0,8.096910013008056,8.096910013008056
NC(=O)COc1cc(=O)oc2cc(OCc3cccc(Br)c3)ccc12,8912.51,5.049999969853415,5.049999969853415
CCNc1cc(=O)oc2cc(OCc3cccc(Cl)c3)ccc12,9332.54,5.030000139977383,5.030000139977383
NC(=O)Cc1cc(=O)oc2cc(OCc3cccc(Cl)c3)ccc12,25703.96,4.589999963296594,4.589999963296594
CN(C)Cc1cccc(COc2ccc3ccc(=O)oc3c2)c1,10000.0,5.0,5.0
CNC(=O)/C=C1/COc2cc(OS(=O)(=O)c3ccc(C#N)cc3)ccc21,45.0,7.346787486224656,7.346787486224656
C#CCN(C)CC(=C)c1cccc(OC)c1,90.0,7.045757490560675,7.045757490560675
C#CCNC(C)C(=C)c1ccccc1,1000.0,6.0,6.0
N#CCCN1N=C(c2ccc(OCc3ccccc3)cc2)OCC1=S,25000.0,4.6020599913279625,4.6020599913279625
C#CCN(C)C(C)CCCCC,19000.0,4.721246399047171,4.721246399047171
C#CCN(C)C(CC)CC,2400.0,5.619788758288394,5.619788758288394
CCOc1ccc2c(c1)C(=O)c1ccc(C3=NCCN3)cc1S2(=O)=O,7.0,8.154901959985743,8.154901959985743
Cc1c(C)c2ccc(OCc3cc(F)cc(F)c3)cc2oc1=O,676.08,6.170001911302621,6.170001911302621
O=C1c2ccccc2-c2nnc(CCc3ccccc3)cc21,50000.0,4.301029995663981,4.301029995663981
Cc1ccccc1CC1OC(=O)c2cc(N3CC[C@@H](O)C3)ccc21,14000.0,4.853871964321762,4.853871964321762
C[C@@H](NCc1ccc(OCc2cccc(Cl)c2)cc1)C(N)=O,72000.0,4.142667503568732,4.142667503568732
Cc1c(C)c2ccc(OCc3cccc(C(F)(F)F)c3)cc2oc1=O,1905.46,5.720000163638921,5.720000163638921
CNC(=O)c1ccc2c(c1)S(=O)(=O)c1ccccc1N2C,300.0,6.522878745280337,6.522878745280337
CCNC1CCc2ccc(OC(=O)N(C)C)cc21,500000.0,3.3010299956639813,3.3010299956639813
N#CCCCn1nnc(-c2ccc(-c3ccccc3)cc2)n1,9600.0,5.017728766960431,5.017728766960431
COc1ccc(-c2nnn(CCO)n2)cc1,46000.0,4.337242168318426,4.337242168318426
Cc1c(C)c2ccc(NC(=O)c3ccccc3)cc2oc1=O,1380.38,5.860001341725206,5.860001341725206
O=S1(=O)c2ccccc2Oc2cc(Br)ccc21,20.0,7.698970004336019,7.698970004336019
CCCCCCCCS(=O)(=O)Oc1ccc2c(C)c(C)c(=O)oc2c1,34.0,7.468521082957745,7.468521082957745
COc1ccc(-c2cc3c(nn2)-c2ccccc2C3=O)cc1,10000.0,5.0,5.0
O=c1oc2cc(OCc3ccccc3)ccc2c2c1CCCC2,1584.89,5.800000874803203,5.800000874803203
O=C1c2ccccc2-c2nnc(-c3cccc([N+](=O)[O-])c3)cc21,1000.0,6.0,6.0
Cc1c(C)c2ccc(OCc3ccc(F)c(F)c3)cc2oc1=O,123.0,6.910094888560602,6.910094888560602
CNC(=O)Cc1cc(=O)oc2cc(OCc3ccccc3)ccc12,2800.0,5.552841968657781,5.552841968657781
CNCc1cc(=O)oc2cc(OCc3ccccc3)ccc12,15400.0,4.8124792791635365,4.8124792791635365
CCNCc1cc(=O)oc2cc(OCc3cccc(F)c3)ccc12,22600.0,4.645891560852599,4.645891560852599
OCCNc1nc2ccccc2nc1Cc1ccccc1,3.7,8.431798275933005,8.431798275933005
Clc1ccc(Cc2nc3ccccc3nc2NCCN2CCOCC2)cc1,1.7,8.769551078621726,8.769551078621726
COc1ccc(C(/C=C/c2ccco2)=N\Nc2nc3ccccc3c(=O)n2C)cc1,34200.0,4.465973893943865,4.465973893943865
CNc1cnccc1CN,420000.0,3.3767507096020997,3.3767507096020997
CC#CCN(C)Cc1cc2cc(OCc3ccccc3)ccc2[nH]1,150.0,6.823908740944319,6.823908740944319
O=C(NCCCN1CCOCC1)c1ccc(Cl)nc1,380.0,6.42021640338319,6.42021640338319
Cn1cc2cc(C(=O)Nc3ccc(F)c(F)c3)ccc2n1,1880.0,5.72584215073632,5.72584215073632
Cc1nnc2c(c1Cc1ccccc1)C(=O)c1ccccc1-2,100000.0,4.0,4.0
CCS(=O)(=O)Oc1ccc2c(C)c(C)c(=O)oc2c1,8.0,8.096910013008056,8.096910013008056
CNC(=S)N1N=C(c2ccc(C)cc2)CC1c1ccc[nH]1,295180.0,3.529913071591167,3.529913071591167
O=C1c2ccccc2S(=O)(=O)c2ccccc21,1000.0,6.0,6.0
CC(Cc1ccccc1)NCC(N)Cc1ccccc1,11000.0,4.958607314841775,4.958607314841775
C#CCN(C)Cc1cc2cc(OCCCN3CCN(Cc4ccccc4)CC3)ccc2n1C,31.0,7.508638306165727,7.508638306165727
Cc1c(C)c2ccc(OS(=O)(=O)c3ccc(Cl)cc3)cc2oc1=O,5.0,8.301029995663981,8.301029995663981
Cn1c(N2N=C(c3ccccc3)CC2c2ccccc2)nc2ccccc2c1=O,9460.0,5.024108863598207,5.024108863598207
C#CCNC(C)Cc1cccc(OC(=O)N(C)CCCC)c1,15000.0,4.823908740944319,4.823908740944319
C#CCNC1CCc2ccc(OC(=O)N(C)C)cc21,750000.0,3.1249387366083,3.1249387366083
C#CCN[C@H]1CCc2ccc(O)cc21,440000.0,3.3565473235138126,3.3565473235138126
CCCOc1ccc2c(c1)C(=O)c1ccc(C3=NCCN3)cc1S2(=O)=O,40.0,7.3979400086720375,7.3979400086720375
Cn1c(N/N=C(/C=C/c2ccccc2)c2ccccc2)nc2ccccc2c1=O,35100.0,4.454692883534176,4.454692883534176
CCNC(=S)N1N=C(c2ccc(Cl)cc2)CC1c1ccc[nH]1,20180.0,4.695078838099108,4.695078838099108
O=C1c2ccccc2-c2nnc(-c3cc(Cl)cc(Cl)c3)cc21,1000.0,6.0,6.0
O=C1c2ccccc2-c2nnc(-c3ccc4ccccc4c3)cc21,10000.0,5.0,5.0
O=S1(=O)c2ccccc2Oc2cccnc21,600.0,6.221848749616356,6.221848749616356
Cc1c(C)c2ccc(OCc3ccc(F)c(O)c3)cc2oc1=O,114.82,6.9399824574684,6.9399824574684
O=C1c2ccccc2-c2nnc(-c3ccc(Br)cc3)cc21,1000.0,6.0,6.0
N#CCc1cc(=O)oc2cc(OCc3ccccc3)ccc12,200.0,6.698970004336019,6.698970004336019
NCc1cc(=O)oc2cc(OCc3ccccc3)ccc12,4400.0,5.356547323513812,5.356547323513812
O=C1C2=C(N=NC3C2=CC=C2C=CC=CC23)c2ccccc21,10000.0,5.0,5.0
CNC(=O)c1ccc2c(c1)S(=O)(=O)c1c(C)cc(C)cc1C2=O,20.0,7.698970004336019,7.698970004336019
CNC(=O)c1ccc2c(c1)S(=O)(=O)c1ccccc1C2O,2000.0,5.698970004336019,5.698970004336019
Cc1cccc2c1Oc1ccccc1S2(=O)=O,800.0,6.096910013008056,6.096910013008056
CCc1ccc2c(c1)Oc1ccccc1S2,300.0,6.522878745280337,6.522878745280337
C#CC(C)NCCc1cccc(OC(=O)N(C)C)c1,440000.0,3.3565473235138126,3.3565473235138126
C#CCN(C)C1CCc2c(O)cccc21,8.0,8.096910013008056,8.096910013008056
Cn1c(N/N=C(/C=C/c2ccco2)c2ccc(Cl)cc2)nc2ccccc2c1=O,31600.0,4.500312917381596,4.500312917381596
COc1ccc(/C=C/C(=N/Nc2nc3ccccc3c(=O)n2C)c2ccccc2)cc1,9050.0,5.043351420794797,5.043351420794797
C#Cc1cccc2c1S(=O)(=O)c1ccccc1O2,100.0,7.0,7.0
C#CCNCCc1cccc(OC(=O)N(C)CCC)c1,1800.0,5.7447274948966935,5.7447274948966935
CCCNC(=S)N1N=C(c2ccc(Cl)cc2)CC1c1ccc[nH]1,29180.0,4.534914712442567,4.534914712442567
C#CCN(C)CC(=C)c1ccc(Br)cc1,20.0,7.698970004336019,7.698970004336019
CNC(=O)/C=C1/COc2cc(OCc3cccc(Cl)c3)ccc21,427.0,6.369572124974976,6.369572124974976
CNC(=O)/C=C1/COc2cc(OS(=O)(=O)c3ccc(OC)cc3)ccc21,11.0,7.958607314841775,7.958607314841775
NCc1cc(=O)oc2cc(OS(=O)(=O)c3cccc(Cl)c3)ccc12,997.0,6.001304841688344,6.001304841688344
C/C(=N\NC(=O)C1=C(O)c2ccccc2S(=O)(=O)N1Cc1ccccc1)c1ccccc1,1220.0,5.913640169325252,5.913640169325252
COc1cc(Cl)c(CC(C)N)c(OC)c1,70.0,7.154901959985743,7.154901959985743
NC(=O)[C@H](CO)NCc1ccc(OCc2cccc(Cl)c2)cc1,84600.0,4.0726296369609765,4.0726296369609765
CCOC(=O)c1ccc(NC(=O)C(=O)c2ccccc2NC(C)=O)cc1,83.0,7.080921907623926,7.080921907623926
CCN(C)c1ccc2c(c1)C(=O)c1ccc(C3=NCCN3)cc1S2(=O)=O,40.0,7.3979400086720375,7.3979400086720375
O=C1c2ccccc2S(=O)(=O)c2ccc(Br)cc21,1000.0,6.0,6.0
Cc1c(C)c2ccc(OS(=O)(=O)c3ccc(Br)cc3)cc2oc1=O,6.0,8.221848749616356,8.221848749616356
O=C1c2ccccc2-c2nnc(-c3ccccc3C(F)(F)F)cc21,10000.0,5.0,5.0
C#CCNC1CCc2ccc(OC(=O)N(C)CC)cc2C1,2000.0,5.698970004336019,5.698970004336019
COc1ccc(/C=N/NC(=O)C2=C(O)c3ccccc3S(=O)(=O)N2C)cc1,18900.0,4.723538195826756,4.723538195826756
C/C(=N\NC(=O)C1=C(O)c2ccccc2S(=O)(=O)N1)c1ccc(F)cc1,53400.0,4.272458742971444,4.272458742971444
CCNc1cnccc1CN,300000.0,3.5228787452803374,3.5228787452803374
C#CCN(C)[C@@H](C)Cc1cccc(OC(=O)N(C)C2CCCCC2)c1,1100.0,5.958607314841775,5.958607314841775
C#CCNC1CCc2c(O)cccc21,900.0,6.045757490560675,6.045757490560675
COC(=O)CCCCc1ccc2c(c1)OCO2,3170.0,5.498940737782249,5.498940737782249
Cc1ccc(C2=NN(c3nc4ccccc4c(=O)n3C)C(c3ccco3)C2)cc1,410110.0,3.387099640876207,3.387099640876207
Cn1c(N2N=C(c3ccccc3)CC2c2ccc(Cl)cc2)nc2ccccc2c1=O,3700.0,5.431798275933005,5.431798275933005
Cc1c(C)c2ccc(OCc3ccccn3)cc2oc1=O,1800.0,5.7447274948966935,5.7447274948966935
O=C1c2ccccc2-c2nnc3c(c21)CCCC3,50500.0,4.296708621881338,4.296708621881338
C#CCN(C)C1CCc2cccc(O)c21,70.0,7.154901959985743,7.154901959985743
C#CCN(C)Cc1cc2cc(OCCCN3CCC(Cc4ccccc4)CC3)ccc2n1C,65.0,7.187086643357144,7.187086643357144
CCn1nnc(-c2ccc3c(=O)c4cc(O)ccc4oc3c2)n1,2000.0,5.698970004336019,5.698970004336019
Cc1ccc2c(c1)Oc1ccccc1S2.Cc1cccc2c1Sc1ccccc1O2,610.0,6.214670164989233,6.214670164989233
O=C(NCCN1CCOCC1)c1cnccc1Cl,750.0,6.1249387366083,6.1249387366083
Cc1ccc(C(=O)NCCN2CCOCC2)c(Cl)n1,28000.0,4.552841968657781,4.552841968657781
O=C(NCCCN1CCOCC1)c1cccnc1Cl,9400.0,5.026872146400302,5.026872146400302
O=C(NCCCN1CCOCC1)c1cccnc1Br,35000.0,4.455931955649724,4.455931955649724
COC(=O)C[C@H](NC(=O)c1ccc(NC(=O)C(=O)c2ccccc2NC(C)=O)cc1)C(=O)OC,60.0,7.221848749616356,7.221848749616356
C/C(=N\NC(=O)C1=C(O)c2ccccc2S(=O)(=O)N1C)c1ccccc1,6670.0,5.175874166083451,5.175874166083451
CCOc1ccc(/C=N/NC(=O)C2=C(O)c3ccccc3S(=O)(=O)N2C)cc1,320.0,6.494850021680094,6.494850021680094
Cc1ccc(S(=O)(=O)Nc2ccc3c(C)c(C)c(=O)oc3c2)cc1,67608.3,4.169999984192581,4.169999984192581
COc1cccc(COc2ccc3c(C)c(C)c(=O)oc3c2)c1,1513.56,5.820000358220839,5.820000358220839
CNCCNc1nc2ccccc2nc1Cc1ccccc1,92.0,7.036212172654444,7.036212172654444
CC(C)CSc1ccc(CC(C)N)cc1,400.0,6.3979400086720375,6.3979400086720375
C#CCN(C)CC(=C)c1cccc(COc2ccc(OC)cc2)c1,6.0,8.221848749616356,8.221848749616356
C#CCN(C)C/C(=C/F)c1ccccc1,800.0,6.096910013008056,6.096910013008056
C=CCN(C)CC(=C)c1ccccc1,100000.0,4.0,4.0
CN(C)c1ccc2c(c1)C(=O)c1ccc(C3=NCCN3)cc1S2(=O)=O,20.0,7.698970004336019,7.698970004336019
CCc1nnc(-c2ccc3c(c2)S(=O)(=O)c2ccccc2C3=O)o1,500.0,6.301029995663981,6.301029995663981
CC(C)c1ccc(-c2c(N)nnc3c4ccccc4n(CCN(C)C)c23)cc1,1000000.0,3.0,3.0
c1ccc2c(c1)Oc1cccnc1S2,100.0,7.0,7.0
O=C1c2ccccc2-c2nnc(-c3cccc(F)c3)cc21,10000.0,5.0,5.0
O=C1c2ccccc2-c2nnc(-c3ccc(F)c(F)c3)cc21,1000.0,6.0,6.0
Oc1ccc(C2CC(c3ccc(O)cc3O)=NN2C(=S)Nc2ccccc2)cc1,58600.0,4.23210238398191,4.23210238398191
CN(C)C(=O)Cc1cc(=O)oc2cc(OCc3ccccc3)ccc12,23100.0,4.636388020107856,4.636388020107856
Nc1[nH]nc2c3ccccc3nc-2c1-c1ccccc1Cl,316000.0,3.500312917381596,3.500312917381596
CN(C)C(=O)Oc1cccc(CCN)c1,95000.0,4.022276394711152,4.022276394711152
COC(=O)[C@H](C)NC(=O)c1ccc(NC(=O)C(=O)c2ccccc2NC(C)=O)cc1,36.0,7.443697499232712,7.443697499232712
COC(=O)C[C@H](NC(=O)C(=O)c1ccccc1NC(C)=O)C(=O)OC,58.0,7.236572006437063,7.236572006437063
O=C1c2cc(N3CCOCC3)ccc2S(=O)(=O)c2cc(C3=NCCN3)ccc21,10.0,8.0,8.0
CNC(=S)N1NC2=C(CCCC2)C1c1ccco1,108340.0,3.965211168748816,3.965211168748816
CC(C)(C)c1ccc2c(c1)C(=O)c1ccc(C3=NCCN3)cc1S2(=O)=O,800.0,6.096910013008056,6.096910013008056
C#CCNC1CCc2ccc(O)cc21,670.0,6.173925197299173,6.173925197299173
Oc1ccc(C2CC(c3ccccc3)=NN2C(=S)Nc2ccccc2)cc1,475560.0,3.3227946816181855,3.3227946816181855
COc1cc(C2CC(c3ccc(O)cc3O)=NN2C(=S)Nc2ccccc2OC)ccc1O,180230.0,3.7441729172967655,3.7441729172967655
NCCNc1ccc2c(c1)C(=O)c1ccc(C3=NCCN3)cc1S2(=O)=O,300.0,6.522878745280337,6.522878745280337
CNC(=O)/C=C1/COc2cc(OS(=O)(=O)c3ccc(C(C)=O)cc3)ccc21,29.0,7.5376020021010435,7.5376020021010435
Cn1c(N/N=C(/C=C/c2ccc(Br)cc2)c2ccccc2)nc2ccccc2c1=O,30500.0,4.515700160653214,4.515700160653214
Cc1c(C)c2ccc(SCc3ccccc3)cc2oc1=O,10000.0,5.0,5.0
COc1ccc(C2=NN(C(=S)Nc3ccccc3)C(c3ccc[nH]3)C2)cc1,430930.0,3.3655932706344607,3.3655932706344607
O=C(NCCN1CCOCC1)c1cccnc1,68000.0,4.167491087293763,4.167491087293763
O=C(NCCN1CCOCC1)c1cccnc1O,45000.0,4.346787486224656,4.346787486224656
CCCNC(=S)N1NC2=C(CCCC2)C1c1ccco1,1780.0,5.749579997691106,5.749579997691106
CCNC(=S)N1NC2=C(CCCC2)C1c1cccs1,3010.0,5.521433504406157,5.521433504406157
CNCc1cc(=O)oc2cc(OCc3ccc4c(c3)OCO4)ccc12,5400.0,5.267606240177032,5.267606240177032
NNC(=O)Cc1cc(=O)oc2cc(OCc3cccc(Cl)c3)ccc12,2500.0,5.6020599913279625,5.6020599913279625
NCCc1cc(=O)oc2cc(OCc3cccc(Cl)c3)ccc12,31800.0,4.497572880015567,4.497572880015567
NC(=O)[C@@H]1CCCN1Cc1cc(=O)oc2cc(OCc3ccccc3)ccc12,35000.0,4.455931955649724,4.455931955649724
OCCn1nnc(-c2ccc(OCc3cccc(Cl)c3)cc2)n1,58000.0,4.236572006437063,4.236572006437063
Cc1c(C)c2ccc(OC[C@@H](O)c3ccccc3)cc2oc1=O,10000.0,5.0,5.0
Cc1cc2ccc(OCc3ccccc3)cc2oc1=O,5495.41,5.259999900311453,5.259999900311453
C#CCNC1CCc2cccc(O)c21,1300.0,5.886056647693163,5.886056647693163
O=C1CCc2ccc(OCc3ccccc3)cc2N1,102329.3,3.989999996723885,3.989999996723885
O=C1OC(Cc2ccc(Cl)cc2)c2ccc(N3CC[C@@H](O)C3)cc21,15000.0,4.823908740944319,4.823908740944319
CCOc1cncc(OCc2ccccc2)c1CN,630000.0,3.2006594505464183,3.2006594505464183
O=C1c2ccccc2-c2nnc3c(c21)-c1ccccc1CC3,50000.0,4.301029995663981,4.301029995663981
CCNc1cncc(N(C)CC)c1CN,63000.0,4.200659450546418,4.200659450546418
O=C(O)c1ccc(-c2cc3c(nn2)-c2ccccc2C3=O)cc1,100000.0,4.0,4.0
COc1cccc(COc2ccc(-c3nn(CCC#N)c(=S)o3)cc2)c1,8100.0,5.0915149811213505,5.0915149811213505
Cc1c(C)c2ccc(OCc3ccccc3C#N)cc2oc1=O,416.87,6.3799993576999325,6.3799993576999325
OCCCn1nnc(-c2ccc(-c3ccccc3)cc2)n1,4600.0,5.337242168318426,5.337242168318426
Cc1c(C)c2ccc(OCc3ccc(Cl)cc3)cc2oc1=O,123.03,6.909988975992853,6.909988975992853
Cc1ccccc1COc1ccc2c(C)c(C)c(=O)oc2c1,2290.87,5.639999555020352,5.639999555020352
CC(=O)Nc1ccc2c(c1)S(=O)(=O)c1cc(C)ccc1C2=O,700.0,6.154901959985743,6.154901959985743
NC(=O)Cc1cc(=O)oc2cc(OCc3ccccc3)ccc12,8000.0,5.096910013008056,5.096910013008056
O=C(NCO)c1ccc(Cl)cn1,986560.0,3.0058764969535856,3.0058764969535856
O=C(NCCCO)c1ccc(Cl)cn1,1201760.0,2.9201822553638674,2.9201822553638674
C#CCN(C)C(C)Cc1cccc(OC(=O)N(C)CC)c1,120.0,6.920818753952375,6.920818753952375
CNc1cc(=O)oc2cc(OCc3cccc(Cl)c3)ccc12,4073.8,5.390000296157769,5.390000296157769
C#CCNC1CCc2ccc(OC(=O)N(C)C3CCCCC3)cc21,170000.0,3.769551078621726,3.769551078621726
CCCN(C)C(=O)Oc1cccc2c1C(N)CC2,1000000.0,3.0,3.0
CNC(=O)/C=C1/COc2c1ccc(OS(=O)(=O)c1ccc(OC)cc1)c2C,7.0,8.154901959985743,8.154901959985743
NC(=O)CNCc1ccc(OCc2ccc([N+](=O)[O-])cc2)cc1,21200.0,4.673664139071248,4.673664139071248
NC(=O)CNCc1ccc(OCc2ccc(Cl)cc2)cc1,12400.0,4.906578314837765,4.906578314837765
C#CCN(C)C(C)CC,19000.0,4.721246399047171,4.721246399047171
c1ccc2c(c1)nnc1c3ccccc3[nH]c21,29700.0,4.527243550682788,4.527243550682788
CNCCc1cccc(OC(=O)N(C)C)c1,22000.0,4.657577319177793,4.657577319177793
C#CCN[C@@H]1CCc2ccc(OC(=O)N(C)CCCC)cc21,220000.0,3.657577319177794,3.657577319177794
O=C1c2cc(F)ccc2S(=O)(=O)c2cc(C3=NCCN3)ccc21,200.0,6.698970004336019,6.698970004336019
O=C1c2ccccc2-c2nnc(-c3cccc(O)c3)cc21,1000.0,6.0,6.0
C#CCN(C)Cc1ccccc1,390200.0,3.408712734941501,3.408712734941501
Oc1ccc(C2=NN(C(=S)Nc3ccccc3)C(c3ccc(O)cc3)C2)cc1,32100.0,4.493494967595128,4.493494967595128
O=C1c2cc(NCCO)ccc2S(=O)(=O)c2cc(C3=NCCN3)ccc21,40.0,7.3979400086720375,7.3979400086720375
CNC(C)Cc1cc(OC)c(SC)cc1OC,1800.0,5.7447274948966935,5.7447274948966935
N#CCCn1nc(-c2ccc(OCc3ccc([N+](=O)[O-])cc3)cc2)oc1=S,2600.0,5.585026652029182,5.585026652029182
N#CCCn1nnc(-c2ccccc2)n1,54000.0,4.267606240177032,4.267606240177032
O=C1c2cc(N3CCSCC3)ccc2S(=O)(=O)c2cc(C3=NCCN3)ccc21,20.0,7.698970004336019,7.698970004336019
C#CCN(C)C1CCc2ccc(OC(=O)N(C)C)cc21,36000.0,4.443697499232712,4.443697499232712
CCN(C)C(=O)Oc1ccc2c(c1)[C@H](N)CC2,5600.0,5.251811972993799,5.251811972993799
C#CCNC1CCc2c(OC(=O)N(C)C)cccc21,260.0,6.585026652029182,6.585026652029182
CC(C)c1ccc(/C=N/NC(=O)C2=C(O)c3ccccc3S(=O)(=O)N2C)cc1,440.0,6.356547323513812,6.356547323513812
COc1ccc(/C=N/NC(=O)C2=C(O)c3ccccc3S(=O)(=O)N2Cc2ccccc2)cc1,240.0,6.619788758288394,6.619788758288394
CCSc1cc(OC)c(CC(N)CC)cc1OC,11800.0,4.928117992693875,4.928117992693875
CCCSc1cc(OC)c(CC(C)NC)cc1OC,300.0,6.522878745280337,6.522878745280337
Cc1c(C)c2cc(OS(=O)(=O)c3ccccc3)ccc2oc1=O,190.0,6.721246399047171,6.721246399047171
Cc1c(C)c2ccc(OCc3c(F)c(F)c(F)c(F)c3F)cc2oc1=O,691.83,6.160000609491408,6.160000609491408
Cc1nc(-c2ccc3c(c2)Sc2ccccc2O3)no1,200.0,6.698970004336019,6.698970004336019
CCc1cccc2c1S(=O)(=O)c1ccc(O)cc1O2,110.0,6.958607314841775,6.958607314841775
CCc1cccc2c1Oc1ccccc1S2(=O)=O,1000.0,6.0,6.0
Cc1cccc(COc2ccc(C3=NN(CCC#N)C(=O)CO3)cc2)c1,40000.0,4.3979400086720375,4.3979400086720375
OCCCCCCn1nnc(-c2ccc(-c3ccccc3)cc2)n1,80000.0,4.096910013008056,4.096910013008056
c1ccc(Cc2nc3ccccc3nc2NCCN2CCOCC2)cc1,1.3,8.886056647693163,8.886056647693163
O=C(NCCN1CCOCC1)c1ccc(F)nc1,15000.0,4.823908740944319,4.823908740944319
CNC(=O)c1ccc2c(c1)S(=O)(=O)c1ccc(OC(C)=O)cc1C2=O,130.0,6.886056647693163,6.886056647693163
OCCn1nnc(-c2ccc(Cl)cc2)n1,66000.0,4.180456064458132,4.180456064458132
N#CCCN1N=C(c2ccc(OCc3ccc(Cl)cc3)cc2)OCC1=O,3400.0,5.468521082957745,5.468521082957745
COc1cc(Br)c2oc(C3CCNCC3)cc2c1,5.0,8.301029995663981,8.301029995663981
OCCn1nnc(-c2ccc(OCc3ccccc3)cc2)n1,64000.0,4.1938200260161125,4.1938200260161125
Cc1ccc(COc2ccc(-c3nn(CCC#N)c(=S)o3)cc2)cc1,10000.0,5.0,5.0
Cc1ccc(C(/C=C/c2ccco2)=N\Nc2nc3ccccc3c(=O)n2C)cc1,90800.0,4.041914151478915,4.041914151478915
Cc1ccc(/C=C/C(=N/Nc2nc3ccccc3c(=O)n2C)c2ccccc2)cc1,30500.0,4.515700160653214,4.515700160653214
CC(C(N)=O)c1cc(=O)oc2cc(OCc3cccc(F)c3)ccc12,2000.0,5.698970004336019,5.698970004336019
CCCc1ccc2c(c1)C(=O)c1ccc(C3=NCCN3)cc1S2(=O)=O,40.0,7.3979400086720375,7.3979400086720375
N#CCCn1nnc(-c2ccc(Cl)cc2)n1,6500.0,5.187086643357144,5.187086643357144
O=C1c2ccccc2-c2nnc(-c3ccccn3)cc21,10000.0,5.0,5.0
C#CCN(C)C(C)CCCC,90000.0,4.045757490560675,4.045757490560675
C#CCNC1CCc2c(Cl)cc(OC(=O)N(C)CCC)cc21,375000.0,3.425968732272281,3.425968732272281
C#CCN(C)[C@@H]1CCc2ccc(O)cc21,7.0,8.154901959985743,8.154901959985743
CCOc1ccc2c(c1)S(=O)(=O)c1ccccc1O2,40.0,7.3979400086720375,7.3979400086720375
N#CCCn1nc(-c2ccc(-c3ccccc3)cc2)oc1=S,22500.0,4.647817481888637,4.647817481888637
CC(=O)Oc1ccc2c(c1)S(=O)(=O)c1ccccc1O2,500.0,6.301029995663981,6.301029995663981
COc1ccc2c(c1)S(=O)(=O)c1ccccc1O2,200.0,6.698970004336019,6.698970004336019
Cc1ccccc1NC(=S)N1N=C(c2ccccc2O)CC1c1ccc(O)cc1,188510.0,3.7246656065742325,3.7246656065742325
Cc1nnc2c(c1-c1ccccc1)C(=O)c1ccccc1-2,50000.0,4.301029995663981,4.301029995663981
CCSc1ccc(CC(C)N)cc1,100.0,7.0,7.0
Nc1ccc2c(c1)-c1ccccc1S2(=O)=O,1000.0,6.0,6.0
CC(=O)Nc1ccc2c(c1)oc(=O)c1ccccc12,40.0,7.3979400086720375,7.3979400086720375
C#CCN(N)Cc1ccccc1,1560.0,5.806875401645538,5.806875401645538
Cc1ccc(COc2ccc(C3=NN(CCC#N)C(=O)CO3)cc2)cc1,250000.0,3.6020599913279625,3.6020599913279625
CCc1cccc2c(=O)c3ccccc3sc12,2000.0,5.698970004336019,5.698970004336019
C#CCNC1CCc2ccc(OC(=O)N(C)CC)cc21,250000.0,3.6020599913279625,3.6020599913279625
C#CCNC1CCc2ccc(OC(=O)N(C)CCC)cc21,240000.0,3.619788758288394,3.619788758288394
CCCCCSc1cc(OC)c(CC(C)N)cc1OC,14300.0,4.844663962534939,4.844663962534939
CCC(Cc1cc(OC)c(SC)cc1OC)NC,15500.0,4.809668301829708,4.809668301829708
CNC(=O)/C=C1/COc2cc(OS(=O)(=O)c3cccc(C#N)c3)ccc21,19.0,7.721246399047171,7.721246399047171
Cc1cccc2c(=O)c3ccccc3sc12,1400.0,5.853871964321762,5.853871964321762
NC(=O)CNCc1ccc(OCc2cccc(Cl)c2)cc1,37000.0,4.431798275933005,4.431798275933005
NC(=O)[C@H](CO)NCc1ccc(OCc2ccccc2)cc1,90000.0,4.045757490560675,4.045757490560675
CNCc1cc(=O)oc2cc(OCc3cccc(F)c3)ccc12,13500.0,4.8696662315049934,4.8696662315049934
CNCCc1cc(=O)oc2cc(OCc3cccc(Cl)c3)ccc12,74000.0,4.130768280269024,4.130768280269024
CNC(=S)N1NC2=C(CCCC2)C1c1cccs1,62340.0,4.205233202059179,4.205233202059179
Cc1c(C)c2ccc(OS(=O)(=O)c3ccc(C#N)cc3)cc2oc1=O,8.0,8.096910013008056,8.096910013008056
OCCn1nnc(-c2ccc(OCc3ccc(Cl)cc3)cc2)n1,60000.0,4.221848749616356,4.221848749616356
O=C(NCCCN1CCOCC1)c1cnc(O)c(Cl)c1,12000.0,4.920818753952375,4.920818753952375
O=C1c2ccccc2-c2nc(-c3ccccc3)ncc21,8390.0,5.0762380391713,5.0762380391713
Cn1nnc(-c2ccc3c(c2)S(=O)(=O)c2ccccc2O3)n1,2.0,8.698970004336019,8.698970004336019
C#CCN(C)C(C)Cc1ccccc1,67250.0,4.172307711325554,4.172307711325554
C/C(=N\NC(=O)C1=C(O)c2ccccc2S(=O)(=O)N1C)c1ccc(Cl)cc1,11200.0,4.950781977329818,4.950781977329818
O=C(N/N=C/c1ccccc1O)C1=C(O)c2ccccc2S(=O)(=O)N1,5070.0,5.2949920406666635,5.2949920406666635
C#CCN(C)C1CCc2cccc(OC(=O)N(C)C)c21,330000.0,3.4814860601221125,3.4814860601221125
C#CCN(C)[C@H]1CCc2ccc(O)cc21,12000.0,4.920818753952375,4.920818753952375
CCC(N)Cc1cc(OC)c(SC)cc1OC,30900.0,4.510041520575165,4.510041520575165
NC(=O)CNCc1ccc(OCc2ccccc2)cc1,8500.0,5.070581074285707,5.070581074285707
C[C@@H](C(N)=O)N1CCc2cc(OCc3cccc(F)c3)ccc2C1,45000.0,4.346787486224656,4.346787486224656
C#CCNCCc1cccc(OC(=O)N(C)C)c1,2700.0,5.568636235841013,5.568636235841013
COc1ccc(CC(C)N)c(OC)c1,600.0,6.221848749616356,6.221848749616356
O=C(O)Cc1cccc2c1S(=O)(=O)c1ccccc1O2,30000.0,4.522878745280337,4.522878745280337
O=C1c2ccccc2S(=O)(=O)c2cc(C3=NCCN3)ccc21,300.0,6.522878745280337,6.522878745280337
Cc1cccc2c1S(=O)(=O)c1ccccc1O2,30.0,7.522878745280337,7.522878745280337
CCc1c(OC)ccc2c1S(=O)(=O)c1ccccc1O2,600.0,6.221848749616356,6.221848749616356
Cc1cccc2c1[S+]([O-])c1ccccc1O2,1000.0,6.0,6.0
C#CCN(Cc1ccc(O)c2ncccc12)CC1CCN(Cc2ccccc2)CC1,85400.0,4.068542129310995,4.068542129310995
O=C(Nc1ccc(Cl)c(Cl)c1)c1ccc2[nH]ccc2c1,6790.0,5.168130225719498,5.168130225719498
NNc1nc2ccccc2nc1Cc1ccccc1,8.8,8.05551732784983,8.05551732784983
C#CCN(C)C1CCc2cccc(OC(=O)N(C)CCC)c21,71000.0,4.1487416512809245,4.1487416512809245
C#CCN(C)CCc1cccc(OC(=O)N(C)C)c1,300.0,6.522878745280337,6.522878745280337
CN(C)C(=O)Oc1ccc2c(c1)C(N(C)C)CC2,1000000.0,3.0,3.0
NC(=O)Cc1cc(=O)oc2cc(OCc3cccc(O)c3)ccc12,4270.0,5.369572124974976,5.369572124974976
NC(=O)Cc1cc(=O)oc2cc(OCc3ccncc3)ccc12,26500.0,4.576754126063192,4.576754126063192
NCNC(=O)c1ccc(Cl)cc1,18700.0,4.728158393463501,4.728158393463501
O=C(NCCBr)c1ccc(Cl)cc1,26780.0,4.57218942732401,4.57218942732401
CNC(=O)c1ccc2c(c1)S(=O)(=O)c1ccccc1O2,30.0,7.522878745280337,7.522878745280337
C#CCN(C)CCc1cccc(O)c1,1300.0,5.886056647693163,5.886056647693163
C#CCN(C)C1CCc2ccc(OC(=O)N(C)CCC)cc21,5600.0,5.251811972993799,5.251811972993799
C#CCNC(C)Cc1cccc(OC(=O)N(C)C2CCCCC2)c1,18000.0,4.7447274948966935,4.7447274948966935
C#CCC1CCCc2ccc(OC(=O)N(C)CC)cc21,85000.0,4.070581074285707,4.070581074285707
C#CCNC1CCc2ccc(OC(=O)N(C)C)cc2C1,2000.0,5.698970004336019,5.698970004336019
Cn1nnc(-c2ccc3c(c2)S(=O)(=O)c2ccccc2C3=O)n1,10.0,8.0,8.0
C#CCC1CCCc2ccc(OC(=O)N(C)C)cc21,560000.0,3.2518119729937993,3.2518119729937993
C#CCN[C@H]1CCc2ccc(OC(=O)N(C)CC)cc21,550000.0,3.2596373105057563,3.2596373105057563
CCc1ccc2c(c1)Oc1ccccc1S2(=O)=O,6.0,8.221848749616356,8.221848749616356
NNc1nc2cc(Cl)c(Cl)cc2nc1Cc1ccccc1,7.6,8.119186407719209,8.119186407719209
COC(=O)C1(NC(=O)c2ccc(NC(=O)C(=O)c3ccccc3NC(C)=O)cc2)CCCC1,48.0,7.318758762624412,7.318758762624412
COC(=O)CCCNC(=O)C(=O)c1ccccc1NC(C)=O,62.0,7.2076083105017466,7.2076083105017466
O=C1CCCc2nnc(-c3ccccc3)cc21,59100.0,4.228412519118745,4.228412519118745
NCNC(=O)c1ccc(Cl)cn1,707830.0,3.150071034580176,3.150071034580176
NCCCNC(=O)c1ccc(Cl)cn1,1054960.0,2.976764006819945,2.976764006819945
CCN(C)C(=O)Oc1cccc(CCNC)c1,20000.0,4.698970004336019,4.698970004336019
CCCNc1cncc(N(C)CCC)c1CN,10000.0,5.0,5.0
COc1ccc(C2CC(c3ccccc3O)=NN2C(=S)Nc2ccccc2)cc1,2840.0,5.546681659952962,5.546681659952962
C#CCN(C)Cc1cc2cc(OCCCCC3CCN(Cc4ccccc4)CC3)ccc2n1C.ClCCCCC1CCN(Cc2ccccc2)CC1,10500.0,4.978810700930062,4.978810700930062
O=S1(=O)c2ccccc2Oc2ccccc21,50.0,7.301029995663981,7.301029995663981
NC(=O)Cc1cc(=O)oc2cc(OCc3cccnc3)ccc12,21000.0,4.6777807052660805,4.6777807052660805
C[C@H](NCc1cc(=O)oc2cc(OCc3ccccc3)ccc12)C(N)=O,22700.0,4.6439741428068775,4.6439741428068775
CC(C(N)=O)c1cc(=O)oc2cc(OCc3ccccc3)ccc12,6260.0,5.20342566678957,5.20342566678957
c1ccc(-c2ccc(C3=NCCN3)cn2)cc1,1800.0,5.7447274948966935,5.7447274948966935
Oc1ccccc1C1=NN(C(=S)Nc2ccccc2)C(c2ccccc2)C1,49160.0,4.308388125785584,4.308388125785584
Oc1ccc(C2CC(c3ccccc3O)=NN2C(=S)Nc2ccccc2)cc1,67220.0,4.172501491866541,4.172501491866541
COc1cc(C2CC(c3ccccc3O)=NN2C(=S)Nc2ccc(C)cc2)ccc1O,50640.0,4.2955063029907015,4.2955063029907015
O=C(CCl)Nc1cc(=O)oc2cc(OCc3cccc(Cl)c3)ccc12,5754.4,5.2399999527072705,5.2399999527072705
Cn1c(N2N=C(c3ccc(Cl)cc3)CC2c2cccs2)nc2ccccc2c1=O,420230.0,3.376512946767322,3.376512946767322
COc1ccc(C2CC(c3ccccc3)=NN2c2nc3ccccc3c(=O)n2C)cc1,4510.0,5.345823458122039,5.345823458122039
O=C(NCCN1CCOCC1)c1cnc(O)c(Cl)c1,45.0,7.346787486224656,7.346787486224656
O=C(NCCCN1CCOCC1)c1cnc(Cl)c(Cl)c1,100.0,7.0,7.0
C#CCN(C)C(C)Cc1cccc(OC(=O)N(C)C2CCCCC2)c1,1700.0,5.769551078621726,5.769551078621726
C#CCN(C)[C@H](C)Cc1cccc(OC(=O)N(C)C2CCCCC2)c1,900.0,6.045757490560675,6.045757490560675
Cc1cccc2c1S(=O)(=O)c1c(C)cccc1O2,50.0,7.301029995663981,7.301029995663981
C#CCNC1CCc2ccc(OC(=O)N(C)Cc3ccccc3)cc21,40000.0,4.3979400086720375,4.3979400086720375
NNC(=O)Cc1cc(=O)oc2cc(OCc3ccccc3)ccc12,1440.0,5.841637507904751,5.841637507904751
Oc1ccccc1C1=NN(C(=S)Nc2ccccc2)C(c2cccs2)C1,5560.0,5.2549252084179425,5.2549252084179425
Oc1ccccc1C1=NN(C(=S)Nc2ccccc2)C(c2ccco2)C1,33410.0,4.476123524361869,4.476123524361869
COc1ccc(NC(=S)N2N=C(c3ccccc3O)CC2c2ccccc2O)cc1,470500.0,3.3274403722367243,3.3274403722367243
COc1ccc(NC(=S)N2N=C(c3ccccc3O)CC2c2ccc(O)cc2)cc1,400560.0,3.397332421609147,3.397332421609147
C#CCN(C)[C@@H]1CCc2ccc(OC(=O)N(C)CC)cc21,4000.0,5.3979400086720375,5.3979400086720375
Cc1c(C)c2ccc(OCCOc3ccccc3)cc2oc1=O,10232.93,4.989999996723885,4.989999996723885
C#CCNC1CCc2c(OC(=O)N(C)CC)cccc21,830.0,6.080921907623926,6.080921907623926
C#CCNC1CCc2ccc(OC(=S)N(C)C)cc21,130000.0,3.886056647693163,3.886056647693163
C#CCNC(C)Cc1cccc(OC(=O)N(C)CCC)c1,14600.0,4.835647144215563,4.835647144215563
CC(C)Nc1cnccc1CN,2200000.0,2.657577319177794,2.657577319177794
C#CCN(Cc1ccc(O)c2ncccc12)C(C#N)CC1CCN(Cc2ccccc2)CC1,9700.0,5.013228265733755,5.013228265733755
N#Cc1ccc2c(c1)Sc1ccccc1O2,400.0,6.3979400086720375,6.3979400086720375
C#CCN(C)CCCCCCC,38000.0,4.42021640338319,4.42021640338319
CNC(=O)c1ccc2c(c1)S(=O)(=O)c1ccc(C(C)C)cc1C2=O,6.0,8.221848749616356,8.221848749616356
CC(=O)c1ccc2c(c1)Oc1ccc(C(C)=O)cc1S2(=O)=O,500.0,6.301029995663981,6.301029995663981
CCCOc1ccc2c(c1)C(=O)c1ccc(C(N)=O)cc1S2(=O)=O,450.0,6.346787486224656,6.346787486224656
CNC(=O)c1ccc2c(c1)S(=O)(=O)c1ccc(OCC(=O)OC)cc1C2=O,300.0,6.522878745280337,6.522878745280337
CCCSc1cc(OC)c(CC(N)CC)cc1OC,7600.0,5.119186407719209,5.119186407719209
CCSc1cc(OC)c(CC(C)NC)cc1OC,1400.0,5.853871964321762,5.853871964321762
COc1cc(SC)cc(OC)c1CC(C)N,300.0,6.522878745280337,6.522878745280337
Cc1ccc2c(c1)Oc1ccccc1S2(=O)=O,200.0,6.698970004336019,6.698970004336019
C#CCNC(C)Cc1cccc(OC(=O)N(C)C)c1,6900.0,5.161150909262744,5.161150909262744
C#CCNCCc1cccc(O)c1,67000.0,4.173925197299173,4.173925197299173
CNC(=S)N1N=C(c2ccc(Cl)cc2)CC1c1ccc[nH]1,11230.0,4.949620243738543,4.949620243738543
N#CCCn1nc(-c2ccc(OCc3cccc(Cl)c3)cc2)oc1=O,7400.0,5.130768280269024,5.130768280269024
CCN(C)C(=O)Oc1ccc2c(c1)C(NC)CC2,22000.0,4.657577319177793,4.657577319177793
CCN(C)C(=O)Oc1cccc2c1CCC2N,7900.0,5.102372908709558,5.102372908709558
CNC1CCc2ccc(OC(=O)N(C)C)cc21,50000.0,4.301029995663981,4.301029995663981
COC(=O)C1=C(O)c2ccccc2S(=O)(=O)N1,2970.0,5.527243550682788,5.527243550682788
CCOc1ccc(/C=N/NC(=O)C2=C(O)c3ccccc3S(=O)(=O)N2)cc1,16900.0,4.772113295386326,4.772113295386326
Cn1cc2cc(C(=O)Nc3ccc(Cl)c(Cl)c3)ccc2n1,1740.0,5.7594507517174005,5.7594507517174005
Cc1c(C)c2ccc(OCc3csc(C(C)C)n3)cc2oc1=O,10000.0,5.0,5.0
NC(=O)[C@@H](NCc1ccc(OCc2cccc(F)c2)cc1)c1ccccc1,34000.0,4.468521082957745,4.468521082957745
Cc1c(C)c2ccc(OC(C)c3ccccc3)cc2oc1=O,3548.13,5.450000476425332,5.450000476425332
Cc1cc2ccc(OCc3cccc(Cl)c3)cc2oc1=O,12589.25,4.900000142057633,4.900000142057633
C/C(=N\NC(=O)C1=C(O)c2ccccc2S(=O)(=O)N1C)c1ccc(F)cc1,10800.0,4.966576244513051,4.966576244513051
CN1C(C(=O)N/N=C/c2ccccc2)=C(O)c2ccccc2S1(=O)=O,21100.0,4.675717544702307,4.675717544702307
C/C(=N\NC(=O)C1=C(O)c2ccccc2S(=O)(=O)N1)c1ccccc1,110.0,6.958607314841775,6.958607314841775
O=C(N/N=C/c1cccc(Cl)c1)C1=C(O)c2ccccc2S(=O)(=O)N1,350.0,6.455931955649724,6.455931955649724
COc1ccc(C2=NN(c3nc4ccccc4c(=O)n3C)C(c3ccco3)C2)cc1,418000.0,3.378823718224965,3.378823718224965
O=c1ccc2ccc3occc3c2o1,9000.0,5.045757490560675,5.045757490560675
CCN(C)C(=O)Oc1cccc(CCN)c1,180000.0,3.744727494896694,3.744727494896694
C#CCN(C)CC(=C)c1ccc(Cl)c(C)c1,80.0,7.096910013008056,7.096910013008056
C#CCN(C)CC(=C)c1ccccc1F,500.0,6.301029995663981,6.301029995663981
C#CCNC1CCc2cc(Cl)c(OC(=O)N(C)CCC)cc21,375000.0,3.425968732272281,3.425968732272281
Cc1ccc(/C=N/NC(=O)C2=C(O)c3ccccc3S(=O)(=O)N2)cc1,7480.0,5.126098402135539,5.126098402135539
O=CNc1ccc2c(c1)[nH]c1ccccc12,1100.0,5.958607314841775,5.958607314841775
C#CCN(C)CC(=C)c1ccccc1OC,5000.0,5.301029995663981,5.301029995663981
NC(=O)CCc1cc(=O)oc2cc(OCc3cccc(Cl)c3)ccc12,4265.8,5.369999510099088,5.369999510099088
O=c1c2ccccc2sc2cc(C3=NCCN3)ccc12,1000.0,6.0,6.0
Cc1c(-c2cc(C#N)c(N)o2)c(=O)n(-c2ccccc2)n1C,7.99,8.097453220686008,8.097453220686008
NCCCNC(=O)c1ccc(Cl)cc1,24500.0,4.610833915635467,4.610833915635467
O=C1c2ccccc2-c2nnc(-c3cc(C(F)(F)F)cc(C(F)(F)F)c3)cc21,1000.0,6.0,6.0
Cc1ccc(NC(=S)N2N=C(c3ccccc3O)CC2c2ccccc2O)cc1,400200.0,3.3977229156998074,3.3977229156998074
C#CCN(C)Cc1cc2cc(OCCCC3CCN(Cc4ccccc4)CC3)ccc2n1C.ClCCCC1CCN(Cc2ccccc2)CC1,5200.0,5.2839966563652006,5.2839966563652006
Nc1cccc(-c2ccc(C3=NCCN3)o2)c1,600.0,6.221848749616356,6.221848749616356
C#CCNC(C)Cc1cccc(OC(=O)N(C)CC)c1,2100.0,5.6777807052660805,5.6777807052660805
C#CCNC1CCc2ccc(OC(=O)NCCC)cc21,69000.0,4.161150909262744,4.161150909262744
CC(=O)Nc1ccc2c(c1)S(=O)(=O)c1ccccc1N2,74000.0,4.130768280269024,4.130768280269024
CN(C)C(=O)Oc1ccc2c(c1)C(N)CC2,80000.0,4.096910013008056,4.096910013008056
COc1nnc(-c2ccc3c(c2)S(=O)(=O)c2ccccc2C3=O)o1,80.0,7.096910013008056,7.096910013008056
Cc1ccc(S(=O)(=O)N(C)c2ccc3c(C)c(C)c(=O)oc3c2)cc1,4570.88,5.3400001801593495,5.3400001801593495
Cc1ccc(NC(=S)N2N=C(c3ccccc3O)CC2c2ccc(O)cc2)cc1,475500.0,3.3228494787265674,3.3228494787265674
COc1ccc(/C=N/NC(=O)C2=C(O)c3ccccc3S(=O)(=O)N2)cc1,5760.0,5.239577516576788,5.239577516576788
O=C(N/N=C/c1ccc(Cl)cc1)C1=C(O)c2ccccc2S(=O)(=O)N1,177.0,6.752026733638194,6.752026733638194
C#CCNNCc1ccccc1,362.0,6.441291429466834,6.441291429466834
C#CCNC1CCc2ccc(OC(=O)N(C)c3ccccc3)cc21,80000.0,4.096910013008056,4.096910013008056
CCCN(C)C(=O)Oc1ccc2c(c1)C(N)CC2,32000.0,4.494850021680094,4.494850021680094
CN(C)CCc1cccc(OC(=O)N(C)C)c1,51000.0,4.292429823902063,4.292429823902063
CNC(=O)c1ccc2c(c1)S(=O)(=O)c1c(C)cccc1C2=O,50.0,7.301029995663981,7.301029995663981
C#CCN[C@@H]1CCc2ccc(OC(=O)N(C)CC)cc21,85000.0,4.070581074285707,4.070581074285707
Clc1cc2nc(Cc3ccccc3)c(NCCN3CCOCC3)nc2cc1Cl,73.0,7.136677139879544,7.136677139879544
COC(=O)CCCNC(=O)c1ccc(NC(=O)C(=O)c2ccccc2NC(C)=O)cc1,49.0,7.309803919971486,7.309803919971486
COC(=O)C(C)(C)NC(=O)c1ccc(NC(=O)C(=O)c2ccccc2NC(C)=O)cc1,43.0,7.366531544420414,7.366531544420414
COC(=O)[C@@H](NC(=O)c1ccc(NC(=O)C(=O)c2ccccc2NC(C)=O)cc1)C(C)C,2.8,8.55284196865778,8.55284196865778
CNC(=O)/C=C1/COc2cc(OS(=O)(=O)CCC(F)(F)F)ccc21,9.1,8.040958607678906,8.040958607678906
C=C=CCN(C)Cc1cc2cc(OCc3ccccc3)ccc2n1C,190.0,6.721246399047171,6.721246399047171
COc1ccccc1NC(=S)N1N=C(c2ccccc2O)CC1c1ccccc1O,144480.0,3.8401922670305693,3.8401922670305693
C#CCN(C)Cc1cc2cc(OCCCCC3CCN(Cc4ccccc4)CC3)ccc2n1C,10.0,8.0,8.0
N#CCCn1nc(-c2ccc(-c3ccccc3)cc2)oc1=O,7800.0,5.107905397309519,5.107905397309519
C#CCN1CCc2nc3nc(N(C)C)c(C#N)cc3c(N)c2C1,1001000.0,2.999565922520681,2.999565922520681
CC#CCN(C)Cc1cc2cc(OCc3ccccc3)ccc2n1C,150.0,6.823908740944319,6.823908740944319
c1ccc(-c2cc3c(nn2)-c2ccccc2C3)cc1,31000.0,4.508638306165727,4.508638306165727
Cc1c(C)c2ccc(CCc3ccccc3)cc2oc1=O,7079.46,5.149999867728904,5.149999867728904
Cc1c(C)c2ccc(OCS(=O)(=O)c3ccccc3)cc2oc1=O,2818.38,5.550000451689026,5.550000451689026
COc1cc(C2CC(c3ccccc3O)=NN2C(=S)Nc2ccccc2)ccc1O,40070.0,4.3971806575673,4.3971806575673
COc1cc(C2CC(c3ccc(O)cc3O)=NN2C(=S)Nc2ccccc2)ccc1O,65600.0,4.1830961606243395,4.1830961606243395
COC(=O)C(=O)c1cccc2c1S(=O)(=O)c1ccccc1O2,600.0,6.221848749616356,6.221848749616356
O=c1ccc2ccc(COc3ccccc3)cc2o1,389.05,6.409994580348671,6.409994580348671
Nc1[nH]nc2c3cc(Br)ccc3nc-2c1-c1ccccc1,63100.0,4.199970640755866,4.199970640755866
CCCSc1cc(OC)c(CC(CC)NC)cc1OC,1400.0,5.853871964321762,5.853871964321762
CCSc1cc(OC)c(CC(C)N)c(OC)c1,80.0,7.096910013008056,7.096910013008056
CCOc1ccc(CC(C)N)cc1,200.0,6.698970004336019,6.698970004336019
O=C1c2ccccc2-c2nnc(-c3cccc4ccccc34)cc21,10000.0,5.0,5.0
C#CCN(C)CC(=C)c1ccc(F)c(Cl)c1,70.0,7.154901959985743,7.154901959985743
C#CCN(C)CC(=C)c1cccc(OCc2cccc(F)c2)c1,2.0,8.698970004336019,8.698970004336019
C#CCN(C)CC(=C)c1ccc(F)cc1,33.0,7.481486060122112,7.481486060122112
CC(C)NCc1cc(=O)oc2cc(OCc3cccc(F)c3)ccc12,91000.0,4.040958607678906,4.040958607678906
Oc1ccccc1C1=NN(C(=S)Nc2ccccc2)C(c2ccc(Cl)cc2)C1,23180.0,4.634886568372423,4.634886568372423
Nc1cc(=O)oc2cc(OCc3cccc(Cl)c3)ccc12,4168.69,5.380000399499541,5.380000399499541
O=c1cc(Cl)c2ccc(OCc3cccc(Cl)c3)cc2o1,8912.51,5.049999969853415,5.049999969853415
CCSc1cc(OC)c(CC(C)N)cc1OC,3800.0,5.42021640338319,5.42021640338319
CCCCSc1cc(OC)c(CC(C)N)cc1OC,2900.0,5.5376020021010435,5.5376020021010435
O=C1OC(Cc2ccc(C(F)(F)F)cc2)c2ccc(N3CC[C@@H](O)C3)cc21,3100.0,5.508638306165727,5.508638306165727
CC(C)c1ccc2c(c1)C(=O)c1ccc(C3=NCCN3)cc1S2(=O)=O,50.0,7.301029995663981,7.301029995663981
CC(C)c1ccc2c(c1)C(=O)c1ccc(-c3nnn(C)n3)cc1S2(=O)=O,5.0,8.301029995663981,8.301029995663981
Cc1c(C)c2ccc(OS(=O)(=O)c3ccc([N+](=O)[O-])cc3)cc2oc1=O,12.59,7.899974269892137,7.899974269892137
O=C1c2ccccc2-c2nncc(Cc3ccccc3)c21,50000.0,4.301029995663981,4.301029995663981
C#CCNNC/C=C/c1ccccc1,7900.0,5.102372908709558,5.102372908709558
COc1ccc2c(c1)C(=O)c1ccc(-c3nnn(C)n3)cc1S2(=O)=O,2.0,8.698970004336019,8.698970004336019
C#CCNC(C)Cc1ccccc1,195000.0,3.709965388637482,3.709965388637482
NC(=O)COc1cc(=O)oc2cc(OCc3cccc(Cl)c3)ccc12,23988.33,4.619999985338959,4.619999985338959
N#CCc1cc(=O)oc2cc(OCc3cccc(Cl)c3)ccc12,467.74,6.329995488683631,6.329995488683631
O=C(NCCN1CCOCC1)c1cccnc1Cl,2600.0,5.585026652029182,5.585026652029182
O=C(NCCN1CCOCC1)c1cccnc1Br,8500.0,5.070581074285707,5.070581074285707
O=C(NCBr)c1ccc(Cl)cc1,40550.0,4.392009141452825,4.392009141452825
O=C(NCCBr)c1ccc(Cl)cn1,790340.0,3.102186037370321,3.102186037370321
C#CCN(C)C(C)Cc1cccc(OC(=O)N(C)CCCCCC)c1,20000.0,4.698970004336019,4.698970004336019
CNCc1cc(=O)oc2cc(OS(=O)(=O)c3cccc(Cl)c3)ccc12,5300.0,5.275724130399211,5.275724130399211
CNc1ccc2c(c1)C(=O)c1ccc(C3=NCCN3)cc1S2(=O)=O,23.0,7.638272163982407,7.638272163982407
CC(C)c1ccc(-c2c3nc4ccc(Br)cc4c-3n[nH]c2N)cc1,63000.0,4.200659450546418,4.200659450546418
Nc1nnc2c3ccccc3n(Cc3ccccc3)c2c1-c1ccccc1Cl,17800.0,4.7495799976911055,4.7495799976911055
CCCC(=O)c1c(OC)cc(O)c(CC2=C(O)[C@](C)(C/C=C(\C)CCC=C(C)C)C(O)=C(C(C)=O)C2=O)c1O,31000.0,4.508638306165727,4.508638306165727
CN(C)c1ccc(-c2c3nc4ccccc4c-3n[nH]c2N)cc1,79400.0,4.100179497572904,4.100179497572904
C#CCN(C)Cc1cc2ccccc2oc1=O,7000.0,5.154901959985743,5.154901959985743
CNCc1cc2cc(OCc3ccccc3)ccc2n1C,99260.0,4.003225729138696,4.003225729138696
C#CCNCc1cc2cc(OCc3ccccc3)ccc2[nH]1,1250.0,5.903089986991944,5.903089986991944
C#CCN1CCc2nc3nc(OC)c(C#N)cc3c(N)c2C1,494700.0,3.3056580896358185,3.3056580896358185
CCC(=O)Nc1ccc2c(c1)-c1ccccc1S2(=O)=O,1200.0,5.920818753952375,5.920818753952375
CC(C)c1ccc(-c2c(N)nnc3c4ccccc4n(C)c23)cc1,14100.0,4.85078088734462,4.85078088734462
C#CCNNCCc1ccccc1,1850.0,5.732828271596986,5.732828271596986
COc1ccc(-c2cc3c(nn2)-c2ccccc2C3=O)cc1OC,1000.0,6.0,6.0
O=C1c2cc(O)ccc2-c2nnc(-c3cccc(C(F)(F)F)c3)cc21,5000.0,5.301029995663981,5.301029995663981
CCc1ccc2c(c1)S(=O)(=O)c1ccccc1O2,7.0,8.154901959985743,8.154901959985743
Cc1cc(=O)oc2cc(OCc3cccc([N+](=O)[O-])c3)ccc12,125.89,6.900008766455316,6.900008766455316
C#CCNC1CCc2ccc(OC(=O)N(C)c3ccc(OC)cc3)cc21,700000.0,3.154901959985743,3.154901959985743
C#CCN(C)C(C)CCC,12000.0,4.920818753952375,4.920818753952375
CC(=O)Nc1cccc(COc2ccc3c(C)c(C)c(=O)oc3c2)c1,7079.46,5.149999867728904,5.149999867728904
C#CCN(C)CC(=C)c1ccc(Cl)c(Cl)c1,80.0,7.096910013008056,7.096910013008056
O=C(O)CCc1cc2c(nn1)-c1ccccc1C2=O,100000.0,4.0,4.0
NC(=S)N1NC2=C(CCCC2)C1c1cccs1,95200.0,4.021363051615525,4.021363051615525
CCCNC(=S)N1NC2=C(CCCC2)C1c1cccs1,2050.0,5.688246138944246,5.688246138944246
O=c1ccoc2cc(OCc3ccccc3)ccc12,16218.1,4.790000026071145,4.790000026071145
O=C(NCCO)c1ccc(Cl)cn1,586860.0,3.231465490710123,3.231465490710123
C#CCN(C)CC(=C)c1ccc(F)c(F)c1,50.0,7.301029995663981,7.301029995663981
C#CCN(C)CC(=C)c1ccc(F)c(C)c1,70.0,7.154901959985743,7.154901959985743
C#CCN(C)CCc1cccc(OC(=O)N(C)CC)c1,800.0,6.096910013008056,6.096910013008056
C#CCN(C)CC(=C)c1cccc(OCc2cccc(OC)c2)c1,9.0,8.045757490560675,8.045757490560675
C#CCN(C)CC(=C)c1ccc(Cl)cc1,25.0,7.6020599913279625,7.6020599913279625
C#CCN(C)CC(=C)c1cccc(Cl)c1,90.0,7.045757490560675,7.045757490560675
C#CCN(C)CC(=C)Cc1ccc(F)c(F)c1,100.0,7.0,7.0
C#CCN(C)CC(=C)CCc1ccccc1,60.0,7.221848749616356,7.221848749616356
C#CCN(C)CC(=C)c1ccc(C)c(C)c1,80.0,7.096910013008056,7.096910013008056
NC(=O)[C@@H]1CCCN1c1cc(=O)oc2cc(OCc3ccccc3)ccc12,99800.0,4.000869458712629,4.000869458712629
C[C@H](Nc1cc(=O)oc2cc(OCc3ccccc3)ccc12)C(N)=O,100000.0,4.0,4.0
C#CCN[C@H]1CCc2ccccc21,22000.0,4.657577319177793,4.657577319177793
Cc1c(C)c2ccc(OCCCCCCN(C)Cc3ccccc3)cc2oc1=O,510.0,6.292429823902063,6.292429823902063
Cc1c(C)c2ccc(NCc3ccccc3)cc2oc1=O,1584.89,5.800000874803203,5.800000874803203
C#CCN1CCc2nc3nc(N4CCCCC4)c(C#N)cc3c(N)c2C1,330200.0,3.481222931073225,3.481222931073225
CCCNC(=O)/C=C/C=C/c1ccc2c(c1)OCO2,3660.0,5.436518914605589,5.436518914605589
COc1ccccc1C1CC(c2ccccc2O)=NN1C(=S)Nc1ccccc1,74200.0,4.129596094720973,4.129596094720973
COc1cc(C2CC(c3ccccc3O)=NN2C(=S)Nc2ccccc2OC)ccc1O,170460.0,3.7683775158934205,3.7683775158934205
Cc1ccccc1NC(=S)N1N=C(c2ccccc2O)CC1c1ccccc1O,170260.0,3.7688873709436477,3.7688873709436477
COc1cc(C2CC(c3ccccc3O)=NN2C(=S)Nc2ccccc2C)ccc1O,200560.0,3.69775567904984,3.69775567904984
C#CCN(Cc1ccc(O)c2ncccc12)C(C#N)C1CCN(Cc2ccccc2)CC1,22100.0,4.655607726314889,4.655607726314889
C#CCN1CCc2nc3ccccc3c(N)c2C1,240500.0,3.6188849192901493,3.6188849192901493
C[C@H](NCc1ccc(OCc2cccc(Cl)c2)cc1)C(N)=O,114000.0,3.9430951486635273,3.9430951486635273
NC(=O)CNCc1ccc(OCc2cccc(F)c2)cc1,13600.0,4.866461091629782,4.866461091629782
COc1cc(=O)oc2cc(OCc3cccc(Cl)c3)ccc12,11748.98,4.9299998354858525,4.9299998354858525
CNC(=O)c1ccc2c(c1)C(=O)c1ccc(C(=O)NC)cc1S2(=O)=O,50.0,7.301029995663981,7.301029995663981
Oc1ccccc1C1CC(c2ccccc2)=NN1C(=S)Nc1ccccc1,450800.0,3.346016092625931,3.346016092625931
O=CNc1ccc2c(c1)-c1ccccc1S2(=O)=O,1000.0,6.0,6.0
C#CCN(C)CC(=C)c1ccc(CNc2ccccc2)cc1,100.0,7.0,7.0
C#CCN(C)CC(=C)c1cccc(CNc2ccccc2)c1,60.0,7.221848749616356,7.221848749616356
C#CCN(C)CC(=C)c1ccc(OCc2ccccc2)cc1,400.0,6.3979400086720375,6.3979400086720375
C#CCN(C)CC(=C)c1ccc(COc2ccccc2)cc1,9.0,8.045757490560675,8.045757490560675
C#CCN(C)CC(=C)c1cccc(OCc2ccccc2)c1,20.0,7.698970004336019,7.698970004336019
C#CCN(C)CC(=C)c1ccc(OC)cc1,80.0,7.096910013008056,7.096910013008056
C#CCN(C)CC(=C)c1cccc(Br)c1,500.0,6.301029995663981,6.301029995663981
C#CCNCC(=C)c1ccccc1,1000.0,6.0,6.0
CNC(=O)/C=C1/COc2c1ccc(OS(=O)(=O)c1cccc(Cl)c1)c2C,24.0,7.619788758288394,7.619788758288394
O=S1(=O)c2ccccc2Cc2cc(Cl)ccc21,2000.0,5.698970004336019,5.698970004336019
C#CCN(N)C/C=C/c1ccccc1,1170.0,5.931814138253839,5.931814138253839
CC(=O)Nc1ccc2c(c1)C(=O)c1cc([N+](=O)[O-])ccc1-2,1300.0,5.886056647693163,5.886056647693163
Cc1nnc(-c2ccc3c(c2)OOc2ccccc2C3=O)o1,2.0,8.698970004336019,8.698970004336019
N#Cc1ccc2c(c1)Oc1ccccc1S2(=O)=O,60.0,7.221848749616356,7.221848749616356
C/N=C(\N)c1ccc2c(c1)S(=O)(=O)c1ccccc1C2=O,60.0,7.221848749616356,7.221848749616356
O=C1c2ccccc2-c2nnccc21,97600.0,4.010550182333308,4.010550182333308
COC(=O)CCNC(=O)C(=O)c1ccccc1NC(C)=O,33.0,7.481486060122112,7.481486060122112
COC(=O)[C@H](CC(C)C)NC(=O)C(=O)c1ccccc1NC(C)=O,72.0,7.142667503568731,7.142667503568731
CC(=O)N1C(=O)C(=O)c2ccccc21,56.0,7.251811972993799,7.251811972993799
Cc1cc(F)ccc1CC1OC(=O)c2cc(N3CC[C@@H](O)C3)ccc21,11000.0,4.958607314841775,4.958607314841775
C#CCN(C)Cc1cc2cc(OCCC3CCN(Cc4ccccc4)CC3)ccc2n1C,6.7,8.173925197299173,8.173925197299173
C#CCN(C)C1CCc2cccc(OC(=O)N(C)CC)c21,65000.0,4.187086643357144,4.187086643357144
C#CCN(C)C(C)Cc1cccc(O)c1,8900.0,5.050609993355087,5.050609993355087
O=C1c2cc(Cl)ccc2S(=O)(=O)c2cc(C3=NCCN3)ccc21,70.0,7.154901959985743,7.154901959985743
CCCNc1ccc2c(c1)C(=O)c1ccc(C3=NCCN3)cc1S2(=O)=O,20.0,7.698970004336019,7.698970004336019
CC(=O)Nc1ccc2c(c1)S(=O)(=O)c1cc(NC(C)=O)ccc1N2C,2000.0,5.698970004336019,5.698970004336019
Cn1cc2cc(C(=O)Nc3ccc(F)c(Cl)c3)ccc2n1,1690.0,5.772113295386326,5.772113295386326
C#CCN(C)CC(=C)c1cccc(F)c1,60.0,7.221848749616356,7.221848749616356
C#CC(C)N(C)CC(=C)c1ccccc1,100000.0,4.0,4.0
CCCC(=O)c1c(O)c(CC2=C(O)[C@](C)(C/C=C(\C)CCC=C(C)C)C(O)=C(C(C)=O)C2=O)c(O)c(CC=C(C)C)c1OC,1300.0,5.886056647693163,5.886056647693163
C#CCN(C)CC(=C)c1cccc(COc2ccccc2)c1,1.5,8.823908740944319,8.823908740944319
C#CCN(C)CC(=C)c1ccoc1,33.0,7.481486060122112,7.481486060122112
C#CCN(C)CC(=C)c1ccco1,100.0,7.0,7.0
N#CCCn1nc(-c2ccc(OCc3ccccc3)cc2)oc1=S,12000.0,4.920818753952375,4.920818753952375
C#CCN(C)[C@H](C)Cc1ccccc1,1200.0,5.920818753952375,5.920818753952375
CNC(=O)Cc1coc2cc(OCc3cccc(Cl)c3)ccc12,3100.0,5.508638306165727,5.508638306165727
CNC(=O)/C=C1/COc2cc(OS(=O)(=O)c3ccc(Cl)cc3)ccc21,12.0,7.920818753952375,7.920818753952375
CCCc1ccc2c(c1)S(=O)(=O)c1cc(NC(C)=O)ccc1C2=O,20.0,7.698970004336019,7.698970004336019
Cc1ccc(C2CC(c3ccccc3)=NN2c2nc3ccccc3c(=O)n2C)cc1,4510.0,5.345823458122039,5.345823458122039
O=C(/C=C/c1ccc(O)cc1)c1ccc(O)cc1O,13900.0,4.856985199745905,4.856985199745905
COc1cc(SC(C)C)c(OC)cc1CC(C)N,27300.0,4.5638373529592435,4.5638373529592435
O=C(NCCCBr)c1ccc(Cl)cn1,1304980.0,2.8843961442308323,2.8843961442308323
COc1cc2c(cc1OC)C(=O)C(CC1CCN(Cc3ccccc3)CC1)C2,850000.0,3.070581074285707,3.070581074285707
CCNc1ccc2c(c1)C(=O)c1ccc(C3=NCCN3)cc1S2(=O)=O,10.0,8.0,8.0
CN1CCN(C(=O)/C=C/C=C/c2ccc3c(c2)OCO3)CC1,2040.0,5.690369832574101,5.690369832574101
CCN(CC)C(=O)CCCCc1ccc2c(c1)OCO2,5210.0,5.283162276700476,5.283162276700476
CCOC(=O)CCCCc1ccc2c(c1)OCO2,5570.0,5.254144804826271,5.254144804826271
O=C1c2ccccc2-c2nnc(-c3ccc([N+](=O)[O-])cc3)cc21,25000.0,4.6020599913279625,4.6020599913279625
O=c1ccc2ccc(CNc3ccccc3)cc2o1,41686.94,4.379999982779397,4.379999982779397
CC(C)NNC(=O)c1ccncc1,5000.0,5.301029995663981,5.301029995663981
CC(=O)Nc1ccc2c(c1)C(=O)c1ccccc1C2=O,160.0,6.795880017344075,6.795880017344075
NCc1cc(=O)oc2cc(OCc3cccc(Cl)c3)ccc12,2000.0,5.698970004336019,5.698970004336019
COc1cccc(-c2cc3c(nn2)-c2ccccc2C3=O)c1,50000.0,4.301029995663981,4.301029995663981
CN1C(C(=O)NN)=C(O)c2ccccc2S1(=O)=O,120.0,6.920818753952375,6.920818753952375
COc1cc(CC(C)N)c(OC)cc1I,44000.0,4.356547323513812,4.356547323513812
C#CCN(C)CC(=C)c1cccs1,60.0,7.221848749616356,7.221848749616356
Nc1c2c(nc3ccccc13)CCCC2,40.0,7.3979400086720375,7.3979400086720375
O=C1c2ccccc2-c2nnc(Cc3ccccc3)cc21,100000.0,4.0,4.0
C#CCN(C)CC(=C)c1ccccc1,50.0,7.301029995663981,7.301029995663981
COc1cc(OC)c(CC(C)N)c(OC)c1,400.0,6.3979400086720375,6.3979400086720375
Cc1c(C)c2ccc(OCc3cc([N+](=O)[O-])cc([N+](=O)[O-])c3)cc2oc1=O,181.97,6.740000204918113,6.740000204918113
C#CCN(C)Cc1cc2cc(OCC3CCN(Cc4ccccc4)CC3)ccc2n1C,82200.0,4.0851281824599495,4.0851281824599495
CNC(=O)Cc1cc(=O)oc2cc(OS(=O)(=O)c3cccc(Cl)c3)ccc12,111.0,6.954677021213342,6.954677021213342
CNC(=O)/C=C1/COc2cc(OS(=O)(=O)c3ccccc3)ccc21,34.0,7.468521082957745,7.468521082957745
C#CCNC1CCCc2ccc(OC(=O)N(C)CC)cc21,85000.0,4.070581074285707,4.070581074285707
O=c1oc2cc(OCc3ccccc3)ccc2c2c1CCC2,1584.89,5.800000874803203,5.800000874803203
CC(=O)Nc1ccc2c(c1)[nH]c1ccccc12,43.0,7.366531544420414,7.366531544420414
C#CCN(C)Cc1cc2ccc(OC)cc2oc1=O,669.0,6.174573882232177,6.174573882232177
COC(=O)C1=C(O)c2ccccc2S(=O)(=O)N1Cc1ccccc1,9510.0,5.021819483062586,5.021819483062586
O=C(N/N=C/c1ccccc1O)C1=C(O)c2ccccc2S(=O)(=O)N1Cc1ccccc1,18700.0,4.728158393463501,4.728158393463501
O=C(N/N=C/c1cccc(Cl)c1)C1=C(O)c2ccccc2S(=O)(=O)N1Cc1ccccc1,960.0,6.017728766960431,6.017728766960431
Cc1ccc(C2=NN(c3nc4ccccc4c(=O)n3C)C(c3cccs3)C2)cc1,414750.0,3.3822136053036016,3.3822136053036016
COc1ccc2c(c1)C(=O)c1cc(-c3cccc(C(F)(F)F)c3)nnc1-2,5000.0,5.301029995663981,5.301029995663981
O=C(NCBr)c1ccc(Cl)cn1,569650.0,3.2443918982843285,3.2443918982843285
Cc1c(C)c2ccc(OCc3cccc(Cl)c3)cc2oc1=O,1122.02,5.949999401714238,5.949999401714238
c1ccc2nc(C3=NCCN3)ccc2c1,12700.0,4.896196279044043,4.896196279044043
COC(=O)CCNC(=O)c1ccc(NC(=O)C(=O)c2ccccc2NC(C)=O)cc1,18.0,7.7447274948966935,7.7447274948966935
COC(=O)[C@H](Cc1ccccc1)NC(=O)c1ccc(NC(=O)C(=O)c2ccccc2NC(C)=O)cc1,36.0,7.443697499232712,7.443697499232712
COC(=O)CCCCCNC(=O)C(=O)c1ccccc1NC(C)=O,68.0,7.167491087293763,7.167491087293763
Cn1c(N2N=C(c3ccccc3)CC2c2cccc(Cl)c2)nc2ccccc2c1=O,1020.0,5.991399828238082,5.991399828238082
Cn1c(N/N=C(/C=C/c2ccc(Cl)cc2)c2ccccc2)nc2ccccc2c1=O,3560.0,5.448550002027125,5.448550002027125
O=C1c2ccccc2-c2nnc(-c3ccc(F)cc3)cc21,30600.0,4.514278573518419,4.514278573518419
CCN(CCCCCCOc1ccc2c(C)c(C)c(=O)oc2c1)Cc1ccccc1,2100.0,5.6777807052660805,5.6777807052660805
Cc1c(C)c2ccc(OCCCCCN(C)Cc3ccccc3)cc2oc1=O,4200.0,5.376750709602099,5.376750709602099
CNC(=O)/C=C1/COc2cc(OS(=O)(=O)c3cccc(F)c3)ccc21,41.0,7.3872161432802645,7.3872161432802645
Cn1c(NN)nc2ccccc2c1=O,37410.0,4.427012291801795,4.427012291801795
Cc1ccccc1-c1cc2c(nn1)-c1ccccc1C2=O,10000.0,5.0,5.0
O=C(NCO)c1ccc(Cl)cc1,7490.0,5.125518182300533,5.125518182300533
O=C(NCCCBr)c1ccc(Cl)cc1,78060.0,4.10757145305477,4.10757145305477
COc1ccc2c3c([nH]c2c1)C(C)=NCC3,12.0,7.920818753952375,7.920818753952375
C#CCN(C)Cc1cc2cc(OCCN3CCC(Cc4ccccc4)CC3)ccc2n1C,143000.0,3.844663962534938,3.844663962534938
CCCSc1cc(OC)c(CC(C)N)cc1OC,2400.0,5.619788758288394,5.619788758288394
Cn1c(N/N=C(/C=C/c2cccs2)c2ccc(Cl)cc2)nc2ccccc2c1=O,28050.0,4.55206713440782,4.55206713440782
NC(=S)N1NC2=C(CCCC2)C1c1ccco1,80220.0,4.095717342354372,4.095717342354372
Cc1cc(=O)oc2cc(OCc3ccccc3)ccc12,1949.84,5.710001024518514,5.710001024518514
NNCCc1ccccc1,30.0,7.522878745280337,7.522878745280337
CCNC(=S)N1NC2=C(CCCC2)C1c1ccco1,110450.0,3.956834279792546,3.956834279792546
S=C(Nc1ccccc1)N1NC2=C(CCCC2)C1c1ccco1,780.0,6.107905397309519,6.107905397309519
c1ccc2c(c1)Oc1ccccc1S2,300.0,6.522878745280337,6.522878745280337
NNC(=O)C1=C(O)c2ccccc2S(=O)(=O)N1,1580.0,5.801342913045577,5.801342913045577
Cc1c(-c2ccccc2)nnc2c1C(=O)c1ccccc1-2,100000.0,4.0,4.0
Cc1cccc(N2CC(CO)OC2=O)c1,3260.0,5.486782399932061,5.486782399932061
Cc1c(C)c2ccc(OCc3cccc(OC(F)(F)F)c3)cc2oc1=O,5888.44,5.229999745811777,5.229999745811777
O=C1c2ccccc2-c2nnc(-c3ccccc3[N+](=O)[O-])cc21,100000.0,4.0,4.0
COc1cc(CC(C)N)c(OC)cc1Br,100000.0,4.0,4.0
COc1cc(CC(C)N)c(OC)cc1C,24000.0,4.619788758288394,4.619788758288394
O=C1OC(Cc2ccc(F)cc2)c2ccc(N3CC[C@@H](O)C3)cc21,2300.0,5.638272163982407,5.638272163982407
COC(=O)/C=C/C=C/c1ccc2c(c1)OCO2,2740.0,5.562249437179612,5.562249437179612
C#CCN1CCc2nc3nc(Cl)c(C#N)cc3c(N)c2C1,1050000.0,2.9788107009300617,2.9788107009300617
O=C1c2ccccc2-c2nnc(-c3ccccc3)cc21,25000.0,4.6020599913279625,4.6020599913279625
C#CCN(C)Cc1ccc(O)c2ncccc12,57.0,7.2441251443275085,7.2441251443275085
Nc1cccc(-c2cc3c(nn2)-c2ccccc2C3=O)c1,25900.0,4.586700235918748,4.586700235918748
CC(=O)c1cccc2c1S(=O)(=O)c1ccccc1O2,2000.0,5.698970004336019,5.698970004336019
O=C(NCCCO)c1ccc(Cl)cc1,15800.0,4.801342913045577,4.801342913045577
CC(=O)Nc1cc(=O)oc2cc(OCc3cccc(Cl)c3)ccc12,281.84,6.549997369826814,6.549997369826814
O=c1ccc2ccccc2o1,40738.03,4.389999976337708,4.389999976337708
CCNC(=O)c1ccc2c(c1)S(=O)(=O)c1ccccc1C2=O,500.0,6.301029995663981,6.301029995663981
O=c1ccc2ccc(OS(=O)(=O)c3ccccc3)cc2o1,446.68,6.350003492533959,6.350003492533959
Cc1c(F)cccc1CC1OC(=O)c2cc(N3CC[C@@H](O)C3)ccc21,3700.0,5.431798275933005,5.431798275933005
O=C1OC(Cc2ccc(F)c(F)c2)c2ccc(N3CC[C@@H](O)C3)cc21,4400.0,5.356547323513812,5.356547323513812
NCCNC(=O)c1ccc(Cl)cc1,5040.0,5.297569463554475,5.297569463554475
C#CCN(C)Cc1cc2cc(OCc3ccccc3)ccc2[nH]1,0.79,9.102372908709558,9.102372908709558
C#CCN1CCc2nc3nc(N4CCCC4)c(C#N)cc3c(N)c2C1,618300.0,3.2088007535011247,3.2088007535011247
CC(=O)Nc1ccc2c(c1)C(=O)c1ccccc1-2,40.0,7.3979400086720375,7.3979400086720375
Cc1cc(=O)oc2cc(OCc3cccc(Cl)c3)ccc12,5248.07,5.280000380871156,5.280000380871156
C#CCN(C)C1CCc2ccccc2C1,51.0,7.292429823902063,7.292429823902063
Cc1c(C)c2ccc(OS(C)(=O)=O)cc2oc1=O,110.0,6.958607314841775,6.958607314841775
COc1ccc(CC(C)N)cc1,300.0,6.522878745280337,6.522878745280337
c1ccc2oc(C3=NCCN3)cc2c1,65000.0,4.187086643357144,4.187086643357144
CC(N)Cc1ccc(Cl)cc1,4000.0,5.3979400086720375,5.3979400086720375
O=c1c(-c2ccc(O)cc2)coc2cc(O)cc(O)c12,40000.0,4.3979400086720375,4.3979400086720375
CNC(=O)c1ccc2c(c1)S(=O)(=O)c1ccccc1C2=O,60.0,7.221848749616356,7.221848749616356
O=c1ccc2ccc(OCc3ccccc3)cc2o1,6760.83,5.169999984192581,5.169999984192581
Cc1ccc(COc2ccc(-c3nn(CCC#N)c(=O)o3)cc2)cc1,25000.0,4.6020599913279625,4.6020599913279625
N[C@@H]1C[C@H]1c1ccccc1,290.0,6.5376020021010435,6.5376020021010435
O=C(O)/C=C/C=C/c1ccc2c(c1)OCO2,18340.0,4.736600668665997,4.736600668665997
N#CCCn1nnc(-c2ccc(OCc3ccccc3)cc2)n1,86000.0,4.0655015487564325,4.0655015487564325
O=C1C[C@@H](c2ccc(O)cc2)Oc2cc(O)cc(O)c21,342000.0,3.465973893943865,3.465973893943865
C#CCN(C)Cc1ccc(OC(=O)N(C)C)c2ncccc12,7.7,8.113509274827518,8.113509274827518
